-- 재고 리포트 시각화용 시드 데이터 (seed_reporting_gen.py로 생성)
SET NAMES utf8mb4;
ALTER DATABASE soydb CHARACTER SET utf8mb4 COLLATE utf8mb4_unicode_ci;
ALTER TABLE products CONVERT TO CHARACTER SET utf8mb4 COLLATE utf8mb4_unicode_ci;
ALTER TABLE inventory CONVERT TO CHARACTER SET utf8mb4 COLLATE utf8mb4_unicode_ci;
-- products, orders, order_items, processes, item_sorting_logs, inventory
-- 사용: mysql -u soy -psoy soydb < scripts/seed_reporting.sql
-- Docker: docker compose exec mysql mysql -usoy -psoy soydb < scripts/seed_reporting.sql

-- products 시드
INSERT INTO `products` (`item_code`, `name`, `brand`, `category`, `capacity`) VALUES
  ('mongo_guk_1l', '몽고 국간장 1L', '몽고', '국간장', '1L'),
  ('mongo_guk_2l', '몽고 국간장 2L', '몽고', '국간장', '2L'),
  ('mongo_jin_1l', '몽고 진간장 1L', '몽고', '진간장', '1L'),
  ('mongo_jin_2l', '몽고 진간장 2L', '몽고', '진간장', '2L'),
  ('sampyo_guk_1l', '샘표 국간장 1L', '샘표', '국간장', '1L'),
  ('sampyo_guk_2l', '샘표 국간장 2L', '샘표', '국간장', '2L'),
  ('sampyo_jin_1l', '샘표 진간장 1L', '샘표', '진간장', '1L'),
  ('sampyo_jin_2l', '샘표 진간장 2L', '샘표', '진간장', '2L')
ON DUPLICATE KEY UPDATE name=VALUES(name), brand=VALUES(brand), category=VALUES(category), capacity=VALUES(capacity);

-- 기존 시드 정리 (FK 순서)
DELETE FROM `item_sorting_logs`;
DELETE FROM `processes`;
DELETE FROM `order_items`;
DELETE FROM `orders`;
ALTER TABLE `orders` AUTO_INCREMENT = 1;
ALTER TABLE `processes` AUTO_INCREMENT = 1;

-- orders 시드
INSERT INTO `orders` (`order_date`, `status`) VALUES
  ('2025-03-01 00:00:00', 'DELIVERED'),
  ('2025-03-04 00:00:00', 'DELIVERED'),
  ('2025-03-07 00:00:00', 'DELIVERED'),
  ('2025-03-10 00:00:00', 'DELIVERED'),
  ('2025-03-13 00:00:00', 'DELIVERED'),
  ('2025-03-16 00:00:00', 'DELIVERED'),
  ('2025-03-19 00:00:00', 'DELIVERED'),
  ('2025-03-22 00:00:00', 'DELIVERED'),
  ('2025-03-25 00:00:00', 'DELIVERED'),
  ('2025-03-28 00:00:00', 'DELIVERED'),
  ('2025-03-31 00:00:00', 'DELIVERED'),
  ('2025-04-03 00:00:00', 'DELIVERED'),
  ('2025-04-06 00:00:00', 'DELIVERED'),
  ('2025-04-09 00:00:00', 'DELIVERED'),
  ('2025-04-12 00:00:00', 'DELIVERED'),
  ('2025-04-15 00:00:00', 'DELIVERED'),
  ('2025-04-18 00:00:00', 'DELIVERED'),
  ('2025-04-21 00:00:00', 'DELIVERED'),
  ('2025-04-24 00:00:00', 'DELIVERED'),
  ('2025-04-27 00:00:00', 'DELIVERED'),
  ('2025-04-30 00:00:00', 'DELIVERED'),
  ('2025-05-03 00:00:00', 'DELIVERED'),
  ('2025-05-06 00:00:00', 'DELIVERED'),
  ('2025-05-09 00:00:00', 'DELIVERED'),
  ('2025-05-12 00:00:00', 'DELIVERED'),
  ('2025-05-15 00:00:00', 'DELIVERED'),
  ('2025-05-18 00:00:00', 'DELIVERED'),
  ('2025-05-21 00:00:00', 'DELIVERED'),
  ('2025-05-24 00:00:00', 'DELIVERED'),
  ('2025-05-27 00:00:00', 'DELIVERED'),
  ('2025-05-30 00:00:00', 'DELIVERED'),
  ('2025-06-02 00:00:00', 'DELIVERED'),
  ('2025-06-05 00:00:00', 'DELIVERED'),
  ('2025-06-08 00:00:00', 'DELIVERED'),
  ('2025-06-11 00:00:00', 'DELIVERED'),
  ('2025-06-14 00:00:00', 'DELIVERED'),
  ('2025-06-17 00:00:00', 'DELIVERED'),
  ('2025-06-20 00:00:00', 'DELIVERED'),
  ('2025-06-23 00:00:00', 'DELIVERED'),
  ('2025-06-26 00:00:00', 'DELIVERED'),
  ('2025-06-29 00:00:00', 'DELIVERED'),
  ('2025-07-02 00:00:00', 'DELIVERED'),
  ('2025-07-05 00:00:00', 'DELIVERED'),
  ('2025-07-08 00:00:00', 'DELIVERED'),
  ('2025-07-11 00:00:00', 'DELIVERED'),
  ('2025-07-14 00:00:00', 'DELIVERED'),
  ('2025-07-17 00:00:00', 'DELIVERED'),
  ('2025-07-20 00:00:00', 'DELIVERED'),
  ('2025-07-23 00:00:00', 'DELIVERED'),
  ('2025-07-26 00:00:00', 'DELIVERED'),
  ('2025-07-29 00:00:00', 'DELIVERED'),
  ('2025-08-01 00:00:00', 'DELIVERED'),
  ('2025-08-04 00:00:00', 'DELIVERED'),
  ('2025-08-07 00:00:00', 'DELIVERED'),
  ('2025-08-10 00:00:00', 'DELIVERED'),
  ('2025-08-13 00:00:00', 'DELIVERED'),
  ('2025-08-16 00:00:00', 'DELIVERED'),
  ('2025-08-19 00:00:00', 'DELIVERED'),
  ('2025-08-22 00:00:00', 'DELIVERED'),
  ('2025-08-25 00:00:00', 'DELIVERED'),
  ('2025-08-28 00:00:00', 'DELIVERED'),
  ('2025-08-31 00:00:00', 'DELIVERED'),
  ('2025-09-03 00:00:00', 'DELIVERED'),
  ('2025-09-06 00:00:00', 'DELIVERED'),
  ('2025-09-09 00:00:00', 'DELIVERED'),
  ('2025-09-12 00:00:00', 'DELIVERED'),
  ('2025-09-15 00:00:00', 'DELIVERED'),
  ('2025-09-18 00:00:00', 'DELIVERED'),
  ('2025-09-21 00:00:00', 'DELIVERED'),
  ('2025-09-24 00:00:00', 'DELIVERED'),
  ('2025-09-27 00:00:00', 'DELIVERED'),
  ('2025-09-30 00:00:00', 'DELIVERED'),
  ('2025-10-03 00:00:00', 'DELIVERED'),
  ('2025-10-06 00:00:00', 'DELIVERED'),
  ('2025-10-09 00:00:00', 'DELIVERED'),
  ('2025-10-12 00:00:00', 'DELIVERED'),
  ('2025-10-15 00:00:00', 'DELIVERED'),
  ('2025-10-18 00:00:00', 'DELIVERED'),
  ('2025-10-21 00:00:00', 'DELIVERED'),
  ('2025-10-24 00:00:00', 'DELIVERED'),
  ('2025-10-27 00:00:00', 'DELIVERED'),
  ('2025-10-30 00:00:00', 'DELIVERED'),
  ('2025-11-02 00:00:00', 'DELIVERED'),
  ('2025-11-05 00:00:00', 'DELIVERED'),
  ('2025-11-08 00:00:00', 'DELIVERED'),
  ('2025-11-11 00:00:00', 'DELIVERED'),
  ('2025-11-14 00:00:00', 'DELIVERED'),
  ('2025-11-17 00:00:00', 'DELIVERED'),
  ('2025-11-20 00:00:00', 'DELIVERED'),
  ('2025-11-23 00:00:00', 'DELIVERED'),
  ('2025-11-26 00:00:00', 'DELIVERED'),
  ('2025-11-29 00:00:00', 'DELIVERED'),
  ('2025-12-02 00:00:00', 'DELIVERED'),
  ('2025-12-05 00:00:00', 'DELIVERED'),
  ('2025-12-08 00:00:00', 'DELIVERED'),
  ('2025-12-11 00:00:00', 'DELIVERED'),
  ('2025-12-14 00:00:00', 'DELIVERED'),
  ('2025-12-17 00:00:00', 'DELIVERED'),
  ('2025-12-20 00:00:00', 'DELIVERED'),
  ('2025-12-23 00:00:00', 'DELIVERED'),
  ('2025-12-26 00:00:00', 'DELIVERED'),
  ('2025-12-29 00:00:00', 'DELIVERED'),
  ('2026-01-01 00:00:00', 'DELIVERED'),
  ('2026-01-04 00:00:00', 'DELIVERED'),
  ('2026-01-07 00:00:00', 'DELIVERED'),
  ('2026-01-10 00:00:00', 'DELIVERED'),
  ('2026-01-13 00:00:00', 'DELIVERED'),
  ('2026-01-16 00:00:00', 'DELIVERED'),
  ('2026-01-19 00:00:00', 'DELIVERED'),
  ('2026-01-22 00:00:00', 'DELIVERED'),
  ('2026-01-25 00:00:00', 'DELIVERED'),
  ('2026-01-28 00:00:00', 'DELIVERED'),
  ('2026-01-31 00:00:00', 'DELIVERED'),
  ('2026-02-03 00:00:00', 'DELIVERED'),
  ('2026-02-06 00:00:00', 'DELIVERED'),
  ('2026-02-09 00:00:00', 'DELIVERED'),
  ('2026-02-12 00:00:00', 'DELIVERED'),
  ('2026-02-15 00:00:00', 'DELIVERED'),
  ('2026-02-18 00:00:00', 'DELIVERED'),
  ('2026-02-21 00:00:00', 'DELIVERED'),
  ('2026-02-24 00:00:00', 'DELIVERED'),
  ('2026-02-27 00:00:00', 'DELIVERED'),
  ('2026-03-02 00:00:00', 'DELIVERED'),
  ('2026-03-05 00:00:00', 'DELIVERED'),
  ('2026-03-08 00:00:00', 'PENDING'),
  ('2026-03-11 00:00:00', 'PENDING'),
  ('2026-03-14 00:00:00', 'PENDING'),
  ('2026-03-17 00:00:00', 'PENDING'),
  ('2026-03-20 00:00:00', 'PENDING')
;

-- order_items 시드 (order당 10개, 합계 10)
INSERT INTO `order_items` (`order_id`, `item_code`, `expected_qty`) VALUES
  (1, 'mongo_guk_2l', 1),
  (1, 'mongo_guk_1l', 1),
  (1, 'sampyo_guk_1l', 1),
  (1, 'mongo_jin_2l', 1),
  (1, 'mongo_jin_2l', 1),
  (1, 'mongo_jin_1l', 1),
  (1, 'mongo_guk_2l', 1),
  (1, 'mongo_guk_2l', 1),
  (1, 'sampyo_jin_1l', 1),
  (1, 'mongo_guk_1l', 1),
  (2, 'mongo_guk_1l', 1),
  (2, 'mongo_guk_2l', 1),
  (2, 'mongo_jin_2l', 1),
  (2, 'mongo_jin_2l', 1),
  (2, 'mongo_guk_1l', 1),
  (2, 'mongo_jin_2l', 1),
  (2, 'sampyo_jin_1l', 1),
  (2, 'mongo_jin_2l', 1),
  (2, 'sampyo_jin_2l', 1),
  (2, 'sampyo_guk_1l', 1),
  (3, 'mongo_guk_1l', 1),
  (3, 'mongo_jin_1l', 1),
  (3, 'sampyo_jin_1l', 1),
  (3, 'sampyo_guk_2l', 1),
  (3, 'sampyo_guk_1l', 1),
  (3, 'mongo_jin_1l', 1),
  (3, 'mongo_jin_2l', 1),
  (3, 'sampyo_guk_2l', 1),
  (3, 'mongo_guk_2l', 1),
  (3, 'mongo_guk_2l', 1),
  (4, 'sampyo_jin_1l', 1),
  (4, 'mongo_guk_2l', 1),
  (4, 'sampyo_guk_2l', 1),
  (4, 'sampyo_guk_2l', 1),
  (4, 'sampyo_guk_1l', 1),
  (4, 'mongo_guk_1l', 1),
  (4, 'sampyo_jin_2l', 1),
  (4, 'mongo_guk_2l', 1),
  (4, 'sampyo_jin_1l', 1),
  (4, 'mongo_guk_2l', 1),
  (5, 'sampyo_guk_1l', 1),
  (5, 'sampyo_guk_2l', 1),
  (5, 'mongo_jin_2l', 1),
  (5, 'mongo_guk_2l', 1),
  (5, 'mongo_guk_1l', 1),
  (5, 'mongo_jin_2l', 1),
  (5, 'sampyo_guk_1l', 1),
  (5, 'mongo_guk_2l', 1),
  (5, 'mongo_jin_2l', 1),
  (5, 'mongo_guk_2l', 1),
  (6, 'sampyo_jin_1l', 1),
  (6, 'sampyo_guk_1l', 1),
  (6, 'sampyo_jin_2l', 1),
  (6, 'sampyo_guk_2l', 1),
  (6, 'mongo_jin_1l', 1),
  (6, 'sampyo_guk_2l', 1),
  (6, 'sampyo_guk_2l', 1),
  (6, 'mongo_jin_2l', 1),
  (6, 'sampyo_guk_1l', 1),
  (6, 'mongo_guk_2l', 1),
  (7, 'mongo_jin_1l', 1),
  (7, 'mongo_jin_2l', 1),
  (7, 'mongo_jin_1l', 1),
  (7, 'sampyo_jin_2l', 1),
  (7, 'sampyo_jin_1l', 1),
  (7, 'sampyo_guk_1l', 1),
  (7, 'mongo_jin_2l', 1),
  (7, 'sampyo_guk_2l', 1),
  (7, 'mongo_guk_1l', 1),
  (7, 'mongo_jin_2l', 1),
  (8, 'mongo_guk_1l', 1),
  (8, 'sampyo_guk_2l', 1),
  (8, 'sampyo_jin_1l', 1),
  (8, 'sampyo_guk_1l', 1),
  (8, 'mongo_guk_2l', 1),
  (8, 'mongo_jin_2l', 1),
  (8, 'sampyo_guk_2l', 1),
  (8, 'mongo_jin_2l', 1),
  (8, 'sampyo_jin_2l', 1),
  (8, 'sampyo_jin_1l', 1),
  (9, 'sampyo_jin_2l', 1),
  (9, 'mongo_jin_1l', 1),
  (9, 'sampyo_guk_1l', 1),
  (9, 'mongo_jin_1l', 1),
  (9, 'mongo_jin_2l', 1),
  (9, 'sampyo_guk_1l', 1),
  (9, 'sampyo_jin_1l', 1),
  (9, 'sampyo_jin_1l', 1),
  (9, 'sampyo_guk_2l', 1),
  (9, 'mongo_jin_2l', 1),
  (10, 'mongo_jin_1l', 1),
  (10, 'sampyo_jin_2l', 1),
  (10, 'mongo_guk_2l', 1),
  (10, 'mongo_guk_1l', 1),
  (10, 'mongo_guk_2l', 1),
  (10, 'mongo_jin_1l', 1),
  (10, 'mongo_jin_1l', 1),
  (10, 'sampyo_jin_1l', 1),
  (10, 'mongo_guk_2l', 1),
  (10, 'sampyo_jin_1l', 1),
  (11, 'sampyo_jin_1l', 1),
  (11, 'sampyo_jin_2l', 1),
  (11, 'sampyo_guk_1l', 1),
  (11, 'mongo_guk_1l', 1),
  (11, 'mongo_guk_2l', 1),
  (11, 'sampyo_guk_1l', 1),
  (11, 'sampyo_guk_2l', 1),
  (11, 'mongo_guk_2l', 1),
  (11, 'sampyo_guk_1l', 1),
  (11, 'sampyo_jin_1l', 1),
  (12, 'mongo_jin_1l', 1),
  (12, 'sampyo_jin_2l', 1),
  (12, 'mongo_guk_1l', 1),
  (12, 'sampyo_guk_1l', 1),
  (12, 'mongo_jin_1l', 1),
  (12, 'mongo_guk_2l', 1),
  (12, 'sampyo_guk_1l', 1),
  (12, 'mongo_jin_2l', 1),
  (12, 'mongo_jin_1l', 1),
  (12, 'sampyo_guk_2l', 1),
  (13, 'mongo_jin_1l', 1),
  (13, 'mongo_guk_1l', 1),
  (13, 'sampyo_guk_2l', 1),
  (13, 'sampyo_jin_2l', 1),
  (13, 'mongo_guk_1l', 1),
  (13, 'mongo_guk_2l', 1),
  (13, 'sampyo_guk_2l', 1),
  (13, 'sampyo_guk_1l', 1),
  (13, 'mongo_jin_2l', 1),
  (13, 'mongo_guk_1l', 1),
  (14, 'mongo_jin_2l', 1),
  (14, 'mongo_guk_2l', 1),
  (14, 'mongo_guk_2l', 1),
  (14, 'sampyo_jin_2l', 1),
  (14, 'mongo_guk_2l', 1),
  (14, 'mongo_jin_1l', 1),
  (14, 'mongo_jin_1l', 1),
  (14, 'sampyo_jin_2l', 1),
  (14, 'mongo_jin_1l', 1),
  (14, 'sampyo_guk_1l', 1),
  (15, 'sampyo_jin_1l', 1),
  (15, 'mongo_jin_2l', 1),
  (15, 'mongo_jin_2l', 1),
  (15, 'sampyo_guk_1l', 1),
  (15, 'sampyo_jin_1l', 1),
  (15, 'sampyo_guk_2l', 1),
  (15, 'sampyo_jin_2l', 1),
  (15, 'sampyo_jin_2l', 1),
  (15, 'mongo_guk_2l', 1),
  (15, 'mongo_jin_2l', 1),
  (16, 'mongo_jin_2l', 1),
  (16, 'mongo_guk_2l', 1),
  (16, 'sampyo_guk_2l', 1),
  (16, 'mongo_guk_1l', 1),
  (16, 'mongo_jin_2l', 1),
  (16, 'mongo_jin_2l', 1),
  (16, 'mongo_guk_1l', 1),
  (16, 'mongo_guk_2l', 1),
  (16, 'mongo_guk_1l', 1),
  (16, 'mongo_jin_2l', 1),
  (17, 'mongo_guk_2l', 1),
  (17, 'mongo_guk_1l', 1),
  (17, 'sampyo_guk_2l', 1),
  (17, 'mongo_guk_2l', 1),
  (17, 'mongo_jin_2l', 1),
  (17, 'sampyo_guk_1l', 1),
  (17, 'sampyo_jin_2l', 1),
  (17, 'mongo_jin_2l', 1),
  (17, 'mongo_jin_1l', 1),
  (17, 'sampyo_jin_2l', 1),
  (18, 'mongo_jin_2l', 1),
  (18, 'sampyo_jin_2l', 1),
  (18, 'sampyo_jin_1l', 1),
  (18, 'mongo_jin_2l', 1),
  (18, 'mongo_guk_2l', 1),
  (18, 'mongo_guk_2l', 1),
  (18, 'sampyo_jin_1l', 1),
  (18, 'sampyo_guk_2l', 1),
  (18, 'sampyo_jin_1l', 1),
  (18, 'sampyo_jin_1l', 1),
  (19, 'sampyo_jin_2l', 1),
  (19, 'mongo_guk_1l', 1),
  (19, 'mongo_guk_2l', 1),
  (19, 'mongo_guk_1l', 1),
  (19, 'sampyo_jin_1l', 1),
  (19, 'sampyo_guk_2l', 1),
  (19, 'mongo_guk_2l', 1),
  (19, 'mongo_jin_2l', 1),
  (19, 'mongo_jin_2l', 1),
  (19, 'mongo_jin_2l', 1),
  (20, 'sampyo_jin_2l', 1),
  (20, 'mongo_jin_1l', 1),
  (20, 'sampyo_jin_1l', 1),
  (20, 'mongo_jin_1l', 1),
  (20, 'sampyo_guk_1l', 1),
  (20, 'sampyo_jin_2l', 1),
  (20, 'mongo_jin_2l', 1),
  (20, 'mongo_guk_2l', 1),
  (20, 'sampyo_jin_2l', 1),
  (20, 'mongo_guk_2l', 1),
  (21, 'mongo_guk_1l', 1),
  (21, 'mongo_guk_1l', 1),
  (21, 'mongo_guk_2l', 1),
  (21, 'mongo_jin_2l', 1),
  (21, 'mongo_jin_1l', 1),
  (21, 'sampyo_jin_1l', 1),
  (21, 'sampyo_jin_2l', 1),
  (21, 'sampyo_jin_2l', 1),
  (21, 'mongo_jin_2l', 1),
  (21, 'sampyo_jin_1l', 1),
  (22, 'mongo_guk_1l', 1),
  (22, 'mongo_jin_1l', 1),
  (22, 'sampyo_jin_1l', 1),
  (22, 'mongo_guk_1l', 1),
  (22, 'sampyo_jin_1l', 1),
  (22, 'sampyo_guk_1l', 1),
  (22, 'sampyo_jin_2l', 1),
  (22, 'sampyo_guk_1l', 1),
  (22, 'sampyo_jin_1l', 1),
  (22, 'sampyo_jin_2l', 1),
  (23, 'mongo_jin_1l', 1),
  (23, 'mongo_jin_2l', 1),
  (23, 'sampyo_guk_1l', 1),
  (23, 'mongo_jin_2l', 1),
  (23, 'mongo_guk_1l', 1),
  (23, 'mongo_guk_1l', 1),
  (23, 'sampyo_guk_2l', 1),
  (23, 'mongo_guk_1l', 1),
  (23, 'mongo_guk_1l', 1),
  (23, 'sampyo_jin_2l', 1),
  (24, 'mongo_jin_1l', 1),
  (24, 'mongo_guk_1l', 1),
  (24, 'mongo_guk_2l', 1),
  (24, 'mongo_jin_1l', 1),
  (24, 'mongo_guk_2l', 1),
  (24, 'mongo_guk_2l', 1),
  (24, 'mongo_jin_2l', 1),
  (24, 'sampyo_jin_1l', 1),
  (24, 'mongo_guk_2l', 1),
  (24, 'mongo_jin_2l', 1),
  (25, 'mongo_guk_1l', 1),
  (25, 'mongo_guk_2l', 1),
  (25, 'sampyo_jin_1l', 1),
  (25, 'sampyo_guk_2l', 1),
  (25, 'sampyo_guk_1l', 1),
  (25, 'mongo_jin_2l', 1),
  (25, 'sampyo_guk_2l', 1),
  (25, 'mongo_jin_2l', 1),
  (25, 'sampyo_guk_1l', 1),
  (25, 'sampyo_jin_1l', 1),
  (26, 'mongo_jin_1l', 1),
  (26, 'sampyo_guk_1l', 1),
  (26, 'sampyo_jin_2l', 1),
  (26, 'sampyo_guk_2l', 1),
  (26, 'mongo_guk_2l', 1),
  (26, 'mongo_guk_1l', 1),
  (26, 'sampyo_jin_2l', 1),
  (26, 'mongo_guk_2l', 1),
  (26, 'mongo_guk_2l', 1),
  (26, 'mongo_jin_2l', 1),
  (27, 'sampyo_guk_1l', 1),
  (27, 'mongo_jin_1l', 1),
  (27, 'sampyo_guk_2l', 1),
  (27, 'mongo_guk_2l', 1),
  (27, 'mongo_jin_2l', 1),
  (27, 'sampyo_guk_2l', 1),
  (27, 'sampyo_guk_1l', 1),
  (27, 'mongo_jin_1l', 1),
  (27, 'sampyo_jin_2l', 1),
  (27, 'sampyo_guk_1l', 1),
  (28, 'mongo_guk_1l', 1),
  (28, 'sampyo_guk_1l', 1),
  (28, 'mongo_guk_2l', 1),
  (28, 'mongo_jin_1l', 1),
  (28, 'sampyo_guk_1l', 1),
  (28, 'mongo_guk_2l', 1),
  (28, 'mongo_guk_2l', 1),
  (28, 'mongo_jin_1l', 1),
  (28, 'sampyo_guk_1l', 1),
  (28, 'sampyo_guk_1l', 1),
  (29, 'mongo_jin_2l', 1),
  (29, 'sampyo_guk_2l', 1),
  (29, 'mongo_jin_2l', 1),
  (29, 'sampyo_guk_1l', 1),
  (29, 'sampyo_jin_2l', 1),
  (29, 'sampyo_guk_1l', 1),
  (29, 'mongo_guk_1l', 1),
  (29, 'mongo_guk_2l', 1),
  (29, 'sampyo_jin_1l', 1),
  (29, 'sampyo_guk_1l', 1),
  (30, 'mongo_guk_1l', 1),
  (30, 'mongo_guk_1l', 1),
  (30, 'sampyo_guk_2l', 1),
  (30, 'mongo_jin_1l', 1),
  (30, 'sampyo_guk_1l', 1),
  (30, 'mongo_jin_1l', 1),
  (30, 'sampyo_jin_2l', 1),
  (30, 'sampyo_jin_1l', 1),
  (30, 'mongo_guk_1l', 1),
  (30, 'mongo_guk_2l', 1),
  (31, 'mongo_guk_2l', 1),
  (31, 'mongo_jin_1l', 1),
  (31, 'mongo_guk_1l', 1),
  (31, 'sampyo_guk_2l', 1),
  (31, 'mongo_jin_1l', 1),
  (31, 'sampyo_jin_1l', 1),
  (31, 'mongo_jin_1l', 1),
  (31, 'mongo_guk_1l', 1),
  (31, 'sampyo_guk_1l', 1),
  (31, 'sampyo_guk_2l', 1),
  (32, 'mongo_guk_1l', 1),
  (32, 'sampyo_guk_2l', 1),
  (32, 'mongo_jin_2l', 1),
  (32, 'mongo_jin_2l', 1),
  (32, 'mongo_guk_2l', 1),
  (32, 'sampyo_guk_2l', 1),
  (32, 'sampyo_jin_1l', 1),
  (32, 'mongo_jin_1l', 1),
  (32, 'mongo_jin_2l', 1),
  (32, 'mongo_jin_1l', 1),
  (33, 'mongo_jin_1l', 1),
  (33, 'sampyo_jin_1l', 1),
  (33, 'mongo_guk_1l', 1),
  (33, 'mongo_jin_1l', 1),
  (33, 'sampyo_guk_2l', 1),
  (33, 'sampyo_jin_1l', 1),
  (33, 'mongo_jin_2l', 1),
  (33, 'sampyo_guk_1l', 1),
  (33, 'mongo_jin_1l', 1),
  (33, 'mongo_guk_2l', 1),
  (34, 'sampyo_jin_1l', 1),
  (34, 'mongo_guk_1l', 1),
  (34, 'sampyo_jin_2l', 1),
  (34, 'mongo_jin_2l', 1),
  (34, 'mongo_jin_2l', 1),
  (34, 'sampyo_jin_2l', 1),
  (34, 'sampyo_guk_2l', 1),
  (34, 'sampyo_guk_1l', 1),
  (34, 'mongo_jin_2l', 1),
  (34, 'mongo_jin_2l', 1),
  (35, 'mongo_guk_1l', 1),
  (35, 'mongo_jin_2l', 1),
  (35, 'sampyo_jin_1l', 1),
  (35, 'sampyo_guk_2l', 1),
  (35, 'sampyo_guk_1l', 1),
  (35, 'mongo_guk_2l', 1),
  (35, 'sampyo_guk_1l', 1),
  (35, 'sampyo_guk_2l', 1),
  (35, 'sampyo_jin_1l', 1),
  (35, 'sampyo_guk_2l', 1),
  (36, 'mongo_guk_1l', 1),
  (36, 'mongo_guk_2l', 1),
  (36, 'sampyo_guk_1l', 1),
  (36, 'mongo_jin_1l', 1),
  (36, 'sampyo_guk_1l', 1),
  (36, 'mongo_guk_1l', 1),
  (36, 'mongo_guk_2l', 1),
  (36, 'sampyo_jin_1l', 1),
  (36, 'sampyo_guk_2l', 1),
  (36, 'sampyo_guk_2l', 1),
  (37, 'sampyo_jin_1l', 1),
  (37, 'mongo_guk_2l', 1),
  (37, 'sampyo_jin_1l', 1),
  (37, 'mongo_jin_2l', 1),
  (37, 'sampyo_guk_1l', 1),
  (37, 'mongo_guk_1l', 1),
  (37, 'sampyo_jin_1l', 1),
  (37, 'mongo_guk_1l', 1),
  (37, 'mongo_jin_2l', 1),
  (37, 'sampyo_guk_2l', 1),
  (38, 'sampyo_jin_1l', 1),
  (38, 'mongo_guk_2l', 1),
  (38, 'sampyo_guk_2l', 1),
  (38, 'sampyo_guk_2l', 1),
  (38, 'mongo_guk_2l', 1),
  (38, 'sampyo_guk_1l', 1),
  (38, 'sampyo_guk_1l', 1),
  (38, 'sampyo_jin_1l', 1),
  (38, 'sampyo_guk_2l', 1),
  (38, 'sampyo_jin_1l', 1),
  (39, 'sampyo_guk_1l', 1),
  (39, 'mongo_jin_1l', 1),
  (39, 'mongo_jin_2l', 1),
  (39, 'sampyo_jin_1l', 1),
  (39, 'sampyo_jin_1l', 1),
  (39, 'mongo_jin_1l', 1),
  (39, 'sampyo_guk_1l', 1),
  (39, 'sampyo_jin_1l', 1),
  (39, 'mongo_guk_1l', 1),
  (39, 'sampyo_guk_1l', 1),
  (40, 'sampyo_guk_1l', 1),
  (40, 'mongo_jin_2l', 1),
  (40, 'sampyo_jin_1l', 1),
  (40, 'sampyo_guk_2l', 1),
  (40, 'sampyo_jin_2l', 1),
  (40, 'sampyo_jin_2l', 1),
  (40, 'sampyo_jin_2l', 1),
  (40, 'mongo_jin_2l', 1),
  (40, 'sampyo_jin_2l', 1),
  (40, 'mongo_jin_1l', 1),
  (41, 'mongo_guk_2l', 1),
  (41, 'sampyo_guk_1l', 1),
  (41, 'sampyo_guk_2l', 1),
  (41, 'mongo_guk_2l', 1),
  (41, 'mongo_jin_2l', 1),
  (41, 'sampyo_guk_1l', 1),
  (41, 'mongo_jin_2l', 1),
  (41, 'mongo_jin_2l', 1),
  (41, 'mongo_jin_1l', 1),
  (41, 'mongo_guk_1l', 1),
  (42, 'mongo_guk_1l', 1),
  (42, 'mongo_jin_2l', 1),
  (42, 'sampyo_jin_2l', 1),
  (42, 'mongo_guk_2l', 1),
  (42, 'sampyo_jin_2l', 1),
  (42, 'sampyo_jin_1l', 1),
  (42, 'mongo_jin_2l', 1),
  (42, 'sampyo_jin_1l', 1),
  (42, 'sampyo_jin_2l', 1),
  (42, 'sampyo_jin_1l', 1),
  (43, 'mongo_jin_2l', 1),
  (43, 'mongo_jin_1l', 1),
  (43, 'mongo_guk_1l', 1),
  (43, 'mongo_guk_2l', 1),
  (43, 'sampyo_jin_1l', 1),
  (43, 'mongo_jin_2l', 1),
  (43, 'mongo_jin_1l', 1),
  (43, 'sampyo_jin_2l', 1),
  (43, 'mongo_guk_1l', 1),
  (43, 'mongo_jin_2l', 1),
  (44, 'mongo_guk_2l', 1),
  (44, 'sampyo_jin_2l', 1),
  (44, 'mongo_jin_1l', 1),
  (44, 'sampyo_jin_2l', 1),
  (44, 'sampyo_guk_2l', 1),
  (44, 'sampyo_jin_2l', 1),
  (44, 'sampyo_jin_1l', 1),
  (44, 'sampyo_jin_2l', 1),
  (44, 'mongo_jin_1l', 1),
  (44, 'sampyo_jin_2l', 1),
  (45, 'sampyo_jin_2l', 1),
  (45, 'sampyo_guk_1l', 1),
  (45, 'mongo_jin_2l', 1),
  (45, 'sampyo_guk_1l', 1),
  (45, 'sampyo_jin_2l', 1),
  (45, 'mongo_jin_2l', 1),
  (45, 'sampyo_guk_1l', 1),
  (45, 'sampyo_jin_2l', 1),
  (45, 'mongo_guk_2l', 1),
  (45, 'sampyo_guk_1l', 1),
  (46, 'mongo_jin_2l', 1),
  (46, 'sampyo_guk_1l', 1),
  (46, 'sampyo_guk_2l', 1),
  (46, 'sampyo_guk_2l', 1),
  (46, 'mongo_guk_2l', 1),
  (46, 'mongo_jin_1l', 1),
  (46, 'mongo_jin_1l', 1),
  (46, 'mongo_jin_2l', 1),
  (46, 'sampyo_jin_1l', 1),
  (46, 'mongo_jin_1l', 1),
  (47, 'mongo_jin_2l', 1),
  (47, 'mongo_guk_2l', 1),
  (47, 'sampyo_jin_1l', 1),
  (47, 'sampyo_jin_1l', 1),
  (47, 'sampyo_guk_2l', 1),
  (47, 'sampyo_jin_2l', 1),
  (47, 'sampyo_jin_1l', 1),
  (47, 'mongo_guk_1l', 1),
  (47, 'mongo_jin_2l', 1),
  (47, 'sampyo_jin_1l', 1),
  (48, 'sampyo_jin_1l', 1),
  (48, 'mongo_guk_1l', 1),
  (48, 'sampyo_jin_1l', 1),
  (48, 'sampyo_jin_2l', 1),
  (48, 'mongo_guk_1l', 1),
  (48, 'sampyo_guk_2l', 1),
  (48, 'sampyo_guk_1l', 1),
  (48, 'sampyo_jin_1l', 1),
  (48, 'sampyo_jin_1l', 1),
  (48, 'mongo_jin_2l', 1),
  (49, 'sampyo_jin_2l', 1),
  (49, 'mongo_jin_2l', 1),
  (49, 'sampyo_guk_1l', 1),
  (49, 'sampyo_jin_1l', 1),
  (49, 'sampyo_jin_2l', 1),
  (49, 'mongo_guk_1l', 1),
  (49, 'sampyo_jin_1l', 1),
  (49, 'sampyo_guk_2l', 1),
  (49, 'sampyo_jin_1l', 1),
  (49, 'mongo_jin_1l', 1),
  (50, 'sampyo_jin_2l', 1),
  (50, 'mongo_jin_1l', 1),
  (50, 'mongo_guk_1l', 1),
  (50, 'sampyo_jin_1l', 1),
  (50, 'mongo_guk_1l', 1),
  (50, 'mongo_guk_2l', 1),
  (50, 'sampyo_jin_1l', 1),
  (50, 'mongo_jin_1l', 1),
  (50, 'sampyo_jin_2l', 1),
  (50, 'mongo_jin_1l', 1),
  (51, 'mongo_guk_1l', 1),
  (51, 'sampyo_guk_1l', 1),
  (51, 'sampyo_jin_1l', 1),
  (51, 'sampyo_guk_2l', 1),
  (51, 'mongo_jin_2l', 1),
  (51, 'sampyo_jin_2l', 1),
  (51, 'sampyo_guk_2l', 1),
  (51, 'sampyo_guk_2l', 1),
  (51, 'sampyo_jin_1l', 1),
  (51, 'sampyo_guk_1l', 1),
  (52, 'sampyo_jin_1l', 1),
  (52, 'sampyo_guk_1l', 1),
  (52, 'mongo_guk_2l', 1),
  (52, 'sampyo_jin_2l', 1),
  (52, 'mongo_guk_1l', 1),
  (52, 'mongo_guk_1l', 1),
  (52, 'sampyo_guk_2l', 1),
  (52, 'mongo_jin_2l', 1),
  (52, 'mongo_guk_2l', 1),
  (52, 'mongo_guk_1l', 1),
  (53, 'mongo_guk_1l', 1),
  (53, 'mongo_jin_2l', 1),
  (53, 'mongo_jin_2l', 1),
  (53, 'mongo_guk_1l', 1),
  (53, 'mongo_jin_1l', 1),
  (53, 'mongo_jin_2l', 1),
  (53, 'mongo_jin_1l', 1),
  (53, 'sampyo_jin_2l', 1),
  (53, 'mongo_guk_2l', 1),
  (53, 'mongo_jin_2l', 1),
  (54, 'sampyo_jin_2l', 1),
  (54, 'sampyo_guk_1l', 1),
  (54, 'sampyo_guk_2l', 1),
  (54, 'mongo_jin_1l', 1),
  (54, 'mongo_guk_2l', 1),
  (54, 'mongo_jin_1l', 1),
  (54, 'sampyo_guk_1l', 1),
  (54, 'mongo_guk_2l', 1),
  (54, 'mongo_guk_1l', 1),
  (54, 'sampyo_guk_1l', 1),
  (55, 'sampyo_jin_1l', 1),
  (55, 'sampyo_jin_1l', 1),
  (55, 'mongo_jin_2l', 1),
  (55, 'mongo_guk_2l', 1),
  (55, 'mongo_jin_2l', 1),
  (55, 'mongo_guk_2l', 1),
  (55, 'sampyo_guk_1l', 1),
  (55, 'mongo_guk_2l', 1),
  (55, 'mongo_guk_1l', 1),
  (55, 'sampyo_guk_2l', 1),
  (56, 'sampyo_jin_1l', 1),
  (56, 'sampyo_guk_2l', 1),
  (56, 'mongo_guk_2l', 1),
  (56, 'sampyo_guk_2l', 1),
  (56, 'mongo_guk_1l', 1),
  (56, 'sampyo_jin_1l', 1),
  (56, 'sampyo_jin_2l', 1),
  (56, 'mongo_guk_2l', 1),
  (56, 'sampyo_jin_1l', 1),
  (56, 'sampyo_guk_2l', 1),
  (57, 'sampyo_jin_2l', 1),
  (57, 'mongo_jin_1l', 1),
  (57, 'sampyo_jin_1l', 1),
  (57, 'mongo_jin_1l', 1),
  (57, 'sampyo_guk_1l', 1),
  (57, 'sampyo_jin_2l', 1),
  (57, 'sampyo_jin_2l', 1),
  (57, 'sampyo_jin_1l', 1),
  (57, 'sampyo_guk_1l', 1),
  (57, 'sampyo_guk_2l', 1),
  (58, 'mongo_jin_2l', 1),
  (58, 'mongo_guk_2l', 1),
  (58, 'sampyo_guk_1l', 1),
  (58, 'sampyo_jin_2l', 1),
  (58, 'mongo_jin_2l', 1),
  (58, 'sampyo_jin_2l', 1),
  (58, 'sampyo_jin_1l', 1),
  (58, 'sampyo_guk_2l', 1),
  (58, 'mongo_guk_1l', 1),
  (58, 'sampyo_jin_2l', 1),
  (59, 'sampyo_guk_2l', 1),
  (59, 'mongo_jin_1l', 1),
  (59, 'sampyo_jin_2l', 1),
  (59, 'mongo_jin_2l', 1),
  (59, 'sampyo_guk_2l', 1),
  (59, 'sampyo_guk_1l', 1),
  (59, 'sampyo_guk_2l', 1),
  (59, 'sampyo_guk_1l', 1),
  (59, 'sampyo_guk_1l', 1),
  (59, 'mongo_guk_1l', 1),
  (60, 'mongo_jin_2l', 1),
  (60, 'mongo_guk_2l', 1),
  (60, 'mongo_jin_2l', 1),
  (60, 'sampyo_jin_1l', 1),
  (60, 'sampyo_jin_2l', 1),
  (60, 'mongo_jin_2l', 1),
  (60, 'sampyo_jin_2l', 1),
  (60, 'sampyo_jin_2l', 1),
  (60, 'sampyo_jin_2l', 1),
  (60, 'mongo_guk_1l', 1),
  (61, 'mongo_guk_2l', 1),
  (61, 'sampyo_guk_1l', 1),
  (61, 'mongo_jin_2l', 1),
  (61, 'sampyo_jin_1l', 1),
  (61, 'mongo_jin_2l', 1),
  (61, 'sampyo_guk_1l', 1),
  (61, 'sampyo_guk_2l', 1),
  (61, 'sampyo_jin_2l', 1),
  (61, 'sampyo_guk_2l', 1),
  (61, 'sampyo_jin_1l', 1),
  (62, 'sampyo_guk_2l', 1),
  (62, 'sampyo_guk_2l', 1),
  (62, 'sampyo_jin_2l', 1),
  (62, 'sampyo_guk_1l', 1),
  (62, 'sampyo_guk_1l', 1),
  (62, 'sampyo_guk_1l', 1),
  (62, 'mongo_jin_2l', 1),
  (62, 'mongo_guk_2l', 1),
  (62, 'mongo_jin_2l', 1),
  (62, 'sampyo_guk_2l', 1),
  (63, 'mongo_guk_2l', 1),
  (63, 'mongo_jin_1l', 1),
  (63, 'mongo_jin_2l', 1),
  (63, 'mongo_jin_2l', 1),
  (63, 'sampyo_jin_2l', 1),
  (63, 'sampyo_guk_1l', 1),
  (63, 'sampyo_guk_1l', 1),
  (63, 'mongo_guk_2l', 1),
  (63, 'mongo_jin_2l', 1),
  (63, 'sampyo_guk_1l', 1),
  (64, 'mongo_jin_2l', 1),
  (64, 'sampyo_guk_2l', 1),
  (64, 'mongo_jin_1l', 1),
  (64, 'sampyo_guk_1l', 1),
  (64, 'mongo_guk_1l', 1),
  (64, 'mongo_jin_1l', 1),
  (64, 'sampyo_guk_1l', 1),
  (64, 'mongo_guk_1l', 1),
  (64, 'mongo_guk_1l', 1),
  (64, 'sampyo_guk_1l', 1),
  (65, 'mongo_jin_1l', 1),
  (65, 'sampyo_jin_2l', 1),
  (65, 'mongo_guk_2l', 1),
  (65, 'mongo_guk_1l', 1),
  (65, 'sampyo_guk_1l', 1),
  (65, 'sampyo_jin_2l', 1),
  (65, 'sampyo_jin_2l', 1),
  (65, 'sampyo_jin_2l', 1),
  (65, 'sampyo_guk_2l', 1),
  (65, 'mongo_jin_1l', 1),
  (66, 'mongo_guk_1l', 1),
  (66, 'sampyo_guk_1l', 1),
  (66, 'sampyo_jin_2l', 1),
  (66, 'mongo_guk_2l', 1),
  (66, 'mongo_guk_2l', 1),
  (66, 'sampyo_jin_1l', 1),
  (66, 'sampyo_jin_2l', 1),
  (66, 'mongo_guk_2l', 1),
  (66, 'mongo_guk_1l', 1),
  (66, 'mongo_jin_1l', 1),
  (67, 'mongo_jin_1l', 1),
  (67, 'sampyo_guk_1l', 1),
  (67, 'mongo_guk_2l', 1),
  (67, 'mongo_jin_2l', 1),
  (67, 'mongo_guk_2l', 1),
  (67, 'sampyo_jin_1l', 1),
  (67, 'mongo_jin_2l', 1),
  (67, 'sampyo_jin_1l', 1),
  (67, 'sampyo_jin_2l', 1),
  (67, 'sampyo_jin_2l', 1),
  (68, 'sampyo_guk_1l', 1),
  (68, 'sampyo_jin_1l', 1),
  (68, 'sampyo_guk_1l', 1),
  (68, 'mongo_guk_1l', 1),
  (68, 'mongo_guk_2l', 1),
  (68, 'mongo_jin_2l', 1),
  (68, 'mongo_jin_2l', 1),
  (68, 'sampyo_guk_1l', 1),
  (68, 'mongo_guk_2l', 1),
  (68, 'mongo_jin_1l', 1),
  (69, 'mongo_jin_2l', 1),
  (69, 'mongo_jin_1l', 1),
  (69, 'mongo_guk_2l', 1),
  (69, 'mongo_jin_1l', 1),
  (69, 'mongo_guk_1l', 1),
  (69, 'sampyo_jin_1l', 1),
  (69, 'sampyo_jin_2l', 1),
  (69, 'sampyo_jin_2l', 1),
  (69, 'sampyo_guk_1l', 1),
  (69, 'mongo_guk_1l', 1),
  (70, 'mongo_jin_2l', 1),
  (70, 'sampyo_guk_1l', 1),
  (70, 'sampyo_guk_1l', 1),
  (70, 'sampyo_jin_2l', 1),
  (70, 'mongo_guk_2l', 1),
  (70, 'mongo_jin_2l', 1),
  (70, 'sampyo_guk_1l', 1),
  (70, 'mongo_jin_2l', 1),
  (70, 'sampyo_jin_1l', 1),
  (70, 'mongo_guk_2l', 1),
  (71, 'mongo_jin_2l', 1),
  (71, 'mongo_jin_1l', 1),
  (71, 'sampyo_guk_1l', 1),
  (71, 'mongo_jin_1l', 1),
  (71, 'mongo_guk_2l', 1),
  (71, 'mongo_guk_1l', 1),
  (71, 'mongo_jin_1l', 1),
  (71, 'sampyo_guk_1l', 1),
  (71, 'sampyo_guk_1l', 1),
  (71, 'sampyo_jin_2l', 1),
  (72, 'mongo_guk_2l', 1),
  (72, 'sampyo_jin_2l', 1),
  (72, 'sampyo_guk_1l', 1),
  (72, 'sampyo_jin_1l', 1),
  (72, 'sampyo_guk_1l', 1),
  (72, 'sampyo_jin_2l', 1),
  (72, 'sampyo_jin_2l', 1),
  (72, 'mongo_guk_2l', 1),
  (72, 'mongo_guk_1l', 1),
  (72, 'sampyo_jin_1l', 1),
  (73, 'sampyo_guk_2l', 1),
  (73, 'sampyo_guk_1l', 1),
  (73, 'mongo_guk_1l', 1),
  (73, 'mongo_guk_2l', 1),
  (73, 'mongo_jin_2l', 1),
  (73, 'mongo_guk_1l', 1),
  (73, 'sampyo_guk_1l', 1),
  (73, 'mongo_guk_1l', 1),
  (73, 'mongo_jin_1l', 1),
  (73, 'sampyo_jin_2l', 1),
  (74, 'sampyo_jin_2l', 1),
  (74, 'sampyo_guk_1l', 1),
  (74, 'mongo_jin_1l', 1),
  (74, 'sampyo_jin_1l', 1),
  (74, 'sampyo_jin_2l', 1),
  (74, 'mongo_guk_2l', 1),
  (74, 'sampyo_jin_2l', 1),
  (74, 'sampyo_guk_2l', 1),
  (74, 'sampyo_jin_1l', 1),
  (74, 'sampyo_guk_2l', 1),
  (75, 'sampyo_guk_2l', 1),
  (75, 'mongo_guk_2l', 1),
  (75, 'mongo_jin_1l', 1),
  (75, 'sampyo_guk_2l', 1),
  (75, 'sampyo_jin_1l', 1),
  (75, 'sampyo_jin_2l', 1),
  (75, 'sampyo_guk_1l', 1),
  (75, 'sampyo_jin_1l', 1),
  (75, 'mongo_guk_1l', 1),
  (75, 'sampyo_jin_2l', 1),
  (76, 'mongo_guk_2l', 1),
  (76, 'sampyo_guk_2l', 1),
  (76, 'sampyo_guk_1l', 1),
  (76, 'sampyo_guk_2l', 1),
  (76, 'mongo_guk_2l', 1),
  (76, 'sampyo_jin_1l', 1),
  (76, 'mongo_guk_1l', 1),
  (76, 'sampyo_jin_2l', 1),
  (76, 'sampyo_jin_1l', 1),
  (76, 'mongo_guk_1l', 1),
  (77, 'mongo_jin_2l', 1),
  (77, 'sampyo_guk_2l', 1),
  (77, 'sampyo_jin_2l', 1),
  (77, 'sampyo_jin_2l', 1),
  (77, 'mongo_guk_1l', 1),
  (77, 'mongo_jin_2l', 1),
  (77, 'sampyo_guk_1l', 1),
  (77, 'mongo_jin_1l', 1),
  (77, 'sampyo_guk_1l', 1),
  (77, 'sampyo_jin_2l', 1),
  (78, 'sampyo_jin_2l', 1),
  (78, 'mongo_guk_2l', 1),
  (78, 'mongo_guk_1l', 1),
  (78, 'mongo_jin_2l', 1),
  (78, 'mongo_jin_1l', 1),
  (78, 'sampyo_guk_1l', 1),
  (78, 'mongo_guk_1l', 1),
  (78, 'sampyo_jin_1l', 1),
  (78, 'mongo_guk_2l', 1),
  (78, 'mongo_jin_2l', 1),
  (79, 'mongo_guk_2l', 1),
  (79, 'sampyo_jin_2l', 1),
  (79, 'mongo_guk_2l', 1),
  (79, 'mongo_jin_1l', 1),
  (79, 'sampyo_jin_2l', 1),
  (79, 'sampyo_guk_1l', 1),
  (79, 'sampyo_guk_1l', 1),
  (79, 'sampyo_jin_1l', 1),
  (79, 'sampyo_jin_2l', 1),
  (79, 'sampyo_jin_2l', 1),
  (80, 'mongo_jin_2l', 1),
  (80, 'sampyo_jin_2l', 1),
  (80, 'mongo_jin_1l', 1),
  (80, 'sampyo_jin_1l', 1),
  (80, 'mongo_jin_2l', 1),
  (80, 'mongo_jin_1l', 1),
  (80, 'mongo_guk_2l', 1),
  (80, 'sampyo_guk_1l', 1),
  (80, 'sampyo_jin_1l', 1),
  (80, 'sampyo_guk_2l', 1),
  (81, 'sampyo_guk_1l', 1),
  (81, 'mongo_guk_1l', 1),
  (81, 'sampyo_guk_1l', 1),
  (81, 'sampyo_guk_1l', 1),
  (81, 'sampyo_jin_2l', 1),
  (81, 'mongo_jin_1l', 1),
  (81, 'sampyo_jin_2l', 1),
  (81, 'sampyo_jin_2l', 1),
  (81, 'sampyo_guk_2l', 1),
  (81, 'sampyo_guk_2l', 1),
  (82, 'sampyo_jin_1l', 1),
  (82, 'sampyo_jin_2l', 1),
  (82, 'sampyo_guk_2l', 1),
  (82, 'mongo_jin_2l', 1),
  (82, 'mongo_jin_2l', 1),
  (82, 'sampyo_jin_1l', 1),
  (82, 'mongo_jin_2l', 1),
  (82, 'sampyo_jin_1l', 1),
  (82, 'mongo_guk_1l', 1),
  (82, 'sampyo_guk_2l', 1),
  (83, 'sampyo_jin_2l', 1),
  (83, 'sampyo_jin_1l', 1),
  (83, 'sampyo_jin_1l', 1),
  (83, 'mongo_jin_1l', 1),
  (83, 'sampyo_jin_2l', 1),
  (83, 'mongo_guk_1l', 1),
  (83, 'mongo_jin_1l', 1),
  (83, 'sampyo_guk_2l', 1),
  (83, 'mongo_guk_2l', 1),
  (83, 'sampyo_jin_2l', 1),
  (84, 'mongo_guk_2l', 1),
  (84, 'sampyo_jin_2l', 1),
  (84, 'mongo_guk_1l', 1),
  (84, 'mongo_jin_1l', 1),
  (84, 'sampyo_jin_1l', 1),
  (84, 'mongo_jin_1l', 1),
  (84, 'mongo_guk_2l', 1),
  (84, 'sampyo_jin_2l', 1),
  (84, 'sampyo_guk_1l', 1),
  (84, 'sampyo_guk_2l', 1),
  (85, 'sampyo_jin_1l', 1),
  (85, 'mongo_guk_2l', 1),
  (85, 'sampyo_guk_2l', 1),
  (85, 'sampyo_jin_1l', 1),
  (85, 'sampyo_guk_2l', 1),
  (85, 'sampyo_jin_2l', 1),
  (85, 'mongo_guk_1l', 1),
  (85, 'mongo_guk_2l', 1),
  (85, 'mongo_jin_2l', 1),
  (85, 'sampyo_guk_1l', 1),
  (86, 'mongo_jin_2l', 1),
  (86, 'mongo_guk_2l', 1),
  (86, 'sampyo_jin_1l', 1),
  (86, 'mongo_guk_2l', 1),
  (86, 'mongo_guk_2l', 1),
  (86, 'sampyo_jin_2l', 1),
  (86, 'mongo_jin_1l', 1),
  (86, 'sampyo_guk_1l', 1),
  (86, 'mongo_guk_1l', 1),
  (86, 'mongo_guk_1l', 1),
  (87, 'sampyo_guk_2l', 1),
  (87, 'mongo_guk_1l', 1),
  (87, 'sampyo_guk_1l', 1),
  (87, 'sampyo_guk_2l', 1),
  (87, 'sampyo_guk_2l', 1),
  (87, 'sampyo_jin_1l', 1),
  (87, 'mongo_jin_1l', 1),
  (87, 'mongo_jin_2l', 1),
  (87, 'sampyo_jin_1l', 1),
  (87, 'mongo_jin_1l', 1),
  (88, 'mongo_jin_1l', 1),
  (88, 'mongo_jin_1l', 1),
  (88, 'mongo_guk_2l', 1),
  (88, 'sampyo_jin_1l', 1),
  (88, 'mongo_jin_2l', 1),
  (88, 'sampyo_jin_2l', 1),
  (88, 'mongo_jin_1l', 1),
  (88, 'mongo_jin_2l', 1),
  (88, 'sampyo_jin_2l', 1),
  (88, 'sampyo_guk_1l', 1),
  (89, 'sampyo_jin_2l', 1),
  (89, 'sampyo_guk_1l', 1),
  (89, 'mongo_guk_1l', 1),
  (89, 'sampyo_jin_2l', 1),
  (89, 'sampyo_guk_1l', 1),
  (89, 'mongo_jin_1l', 1),
  (89, 'mongo_guk_2l', 1),
  (89, 'sampyo_jin_2l', 1),
  (89, 'sampyo_guk_2l', 1),
  (89, 'sampyo_guk_1l', 1),
  (90, 'sampyo_jin_1l', 1),
  (90, 'sampyo_guk_1l', 1),
  (90, 'sampyo_jin_2l', 1),
  (90, 'sampyo_guk_1l', 1),
  (90, 'mongo_jin_2l', 1),
  (90, 'sampyo_jin_1l', 1),
  (90, 'sampyo_jin_2l', 1),
  (90, 'mongo_guk_2l', 1),
  (90, 'mongo_jin_2l', 1),
  (90, 'sampyo_jin_1l', 1),
  (91, 'sampyo_guk_2l', 1),
  (91, 'sampyo_guk_1l', 1),
  (91, 'sampyo_guk_1l', 1),
  (91, 'mongo_guk_1l', 1),
  (91, 'sampyo_jin_1l', 1),
  (91, 'sampyo_guk_1l', 1),
  (91, 'mongo_guk_1l', 1),
  (91, 'mongo_guk_1l', 1),
  (91, 'sampyo_jin_2l', 1),
  (91, 'sampyo_guk_1l', 1),
  (92, 'mongo_jin_2l', 1),
  (92, 'sampyo_guk_2l', 1),
  (92, 'mongo_jin_2l', 1),
  (92, 'mongo_jin_2l', 1),
  (92, 'sampyo_guk_1l', 1),
  (92, 'mongo_jin_1l', 1),
  (92, 'mongo_guk_2l', 1),
  (92, 'mongo_guk_1l', 1),
  (92, 'sampyo_guk_1l', 1),
  (92, 'sampyo_jin_2l', 1),
  (93, 'mongo_guk_1l', 1),
  (93, 'sampyo_guk_2l', 1),
  (93, 'mongo_jin_1l', 1),
  (93, 'mongo_guk_2l', 1),
  (93, 'sampyo_guk_1l', 1),
  (93, 'sampyo_guk_2l', 1),
  (93, 'sampyo_jin_1l', 1),
  (93, 'mongo_jin_1l', 1),
  (93, 'mongo_jin_2l', 1),
  (93, 'mongo_jin_1l', 1),
  (94, 'sampyo_guk_2l', 1),
  (94, 'sampyo_guk_1l', 1),
  (94, 'mongo_jin_1l', 1),
  (94, 'sampyo_guk_1l', 1),
  (94, 'sampyo_jin_2l', 1),
  (94, 'sampyo_guk_1l', 1),
  (94, 'sampyo_guk_2l', 1),
  (94, 'mongo_guk_2l', 1),
  (94, 'sampyo_jin_2l', 1),
  (94, 'mongo_guk_2l', 1),
  (95, 'mongo_jin_1l', 1),
  (95, 'mongo_jin_2l', 1),
  (95, 'sampyo_jin_1l', 1),
  (95, 'sampyo_guk_2l', 1),
  (95, 'mongo_guk_2l', 1),
  (95, 'sampyo_jin_1l', 1),
  (95, 'mongo_guk_1l', 1),
  (95, 'sampyo_guk_1l', 1),
  (95, 'mongo_guk_2l', 1),
  (95, 'sampyo_jin_2l', 1),
  (96, 'sampyo_guk_2l', 1),
  (96, 'sampyo_guk_1l', 1),
  (96, 'sampyo_jin_1l', 1),
  (96, 'sampyo_guk_2l', 1),
  (96, 'mongo_guk_2l', 1),
  (96, 'mongo_jin_2l', 1),
  (96, 'sampyo_jin_2l', 1),
  (96, 'mongo_guk_1l', 1),
  (96, 'sampyo_guk_2l', 1),
  (96, 'mongo_jin_2l', 1),
  (97, 'mongo_guk_2l', 1),
  (97, 'sampyo_jin_2l', 1),
  (97, 'sampyo_guk_1l', 1),
  (97, 'sampyo_jin_1l', 1),
  (97, 'mongo_guk_2l', 1),
  (97, 'mongo_jin_1l', 1),
  (97, 'mongo_guk_1l', 1),
  (97, 'mongo_guk_1l', 1),
  (97, 'sampyo_guk_1l', 1),
  (97, 'sampyo_jin_2l', 1),
  (98, 'mongo_guk_2l', 1),
  (98, 'mongo_guk_2l', 1),
  (98, 'mongo_jin_2l', 1),
  (98, 'mongo_jin_1l', 1),
  (98, 'sampyo_jin_1l', 1),
  (98, 'sampyo_jin_2l', 1),
  (98, 'sampyo_guk_2l', 1),
  (98, 'sampyo_jin_1l', 1),
  (98, 'mongo_jin_1l', 1),
  (98, 'sampyo_jin_1l', 1),
  (99, 'mongo_guk_2l', 1),
  (99, 'sampyo_jin_2l', 1),
  (99, 'sampyo_jin_1l', 1),
  (99, 'sampyo_guk_1l', 1),
  (99, 'mongo_guk_1l', 1),
  (99, 'sampyo_guk_2l', 1),
  (99, 'mongo_jin_2l', 1),
  (99, 'sampyo_jin_2l', 1),
  (99, 'sampyo_jin_2l', 1),
  (99, 'mongo_jin_2l', 1),
  (100, 'sampyo_guk_2l', 1),
  (100, 'mongo_guk_2l', 1),
  (100, 'sampyo_guk_2l', 1),
  (100, 'sampyo_guk_2l', 1),
  (100, 'mongo_guk_1l', 1),
  (100, 'sampyo_jin_1l', 1),
  (100, 'sampyo_guk_1l', 1),
  (100, 'mongo_jin_2l', 1),
  (100, 'mongo_guk_2l', 1),
  (100, 'sampyo_jin_2l', 1),
  (101, 'mongo_guk_2l', 1),
  (101, 'mongo_jin_2l', 1),
  (101, 'mongo_guk_1l', 1),
  (101, 'mongo_guk_1l', 1),
  (101, 'sampyo_guk_2l', 1),
  (101, 'mongo_jin_2l', 1),
  (101, 'mongo_jin_1l', 1),
  (101, 'mongo_jin_2l', 1),
  (101, 'mongo_guk_2l', 1),
  (101, 'mongo_jin_2l', 1),
  (102, 'mongo_jin_2l', 1),
  (102, 'mongo_jin_2l', 1),
  (102, 'sampyo_guk_2l', 1),
  (102, 'mongo_jin_1l', 1),
  (102, 'mongo_guk_1l', 1),
  (102, 'sampyo_guk_1l', 1),
  (102, 'mongo_jin_1l', 1),
  (102, 'mongo_jin_1l', 1),
  (102, 'sampyo_guk_1l', 1),
  (102, 'mongo_jin_1l', 1),
  (103, 'mongo_guk_2l', 1),
  (103, 'mongo_guk_1l', 1),
  (103, 'mongo_jin_1l', 1),
  (103, 'mongo_guk_1l', 1),
  (103, 'sampyo_guk_2l', 1),
  (103, 'mongo_jin_2l', 1),
  (103, 'sampyo_guk_2l', 1),
  (103, 'mongo_guk_1l', 1),
  (103, 'mongo_jin_1l', 1),
  (103, 'sampyo_guk_1l', 1),
  (104, 'mongo_guk_1l', 1),
  (104, 'mongo_jin_1l', 1),
  (104, 'sampyo_jin_1l', 1),
  (104, 'mongo_guk_2l', 1),
  (104, 'mongo_guk_2l', 1),
  (104, 'sampyo_jin_2l', 1),
  (104, 'sampyo_jin_2l', 1),
  (104, 'sampyo_guk_2l', 1),
  (104, 'mongo_guk_2l', 1),
  (104, 'sampyo_jin_2l', 1),
  (105, 'mongo_jin_2l', 1),
  (105, 'mongo_guk_1l', 1),
  (105, 'sampyo_guk_1l', 1),
  (105, 'sampyo_jin_2l', 1),
  (105, 'mongo_guk_1l', 1),
  (105, 'mongo_guk_1l', 1),
  (105, 'sampyo_jin_2l', 1),
  (105, 'sampyo_jin_1l', 1),
  (105, 'sampyo_jin_1l', 1),
  (105, 'mongo_guk_2l', 1),
  (106, 'sampyo_jin_2l', 1),
  (106, 'sampyo_jin_2l', 1),
  (106, 'mongo_guk_2l', 1),
  (106, 'mongo_guk_2l', 1),
  (106, 'sampyo_guk_2l', 1),
  (106, 'mongo_jin_1l', 1),
  (106, 'mongo_guk_2l', 1),
  (106, 'mongo_jin_1l', 1),
  (106, 'sampyo_guk_1l', 1),
  (106, 'sampyo_guk_2l', 1),
  (107, 'sampyo_jin_1l', 1),
  (107, 'sampyo_guk_1l', 1),
  (107, 'sampyo_jin_2l', 1),
  (107, 'sampyo_jin_1l', 1),
  (107, 'mongo_guk_2l', 1),
  (107, 'mongo_guk_2l', 1),
  (107, 'mongo_jin_2l', 1),
  (107, 'sampyo_jin_1l', 1),
  (107, 'sampyo_jin_2l', 1),
  (107, 'mongo_jin_2l', 1),
  (108, 'sampyo_jin_1l', 1),
  (108, 'sampyo_guk_2l', 1),
  (108, 'sampyo_jin_2l', 1),
  (108, 'sampyo_jin_1l', 1),
  (108, 'sampyo_jin_1l', 1),
  (108, 'mongo_guk_2l', 1),
  (108, 'sampyo_guk_2l', 1),
  (108, 'sampyo_jin_1l', 1),
  (108, 'sampyo_guk_2l', 1),
  (108, 'sampyo_guk_1l', 1),
  (109, 'sampyo_guk_2l', 1),
  (109, 'mongo_jin_1l', 1),
  (109, 'sampyo_jin_2l', 1),
  (109, 'mongo_guk_2l', 1),
  (109, 'mongo_guk_2l', 1),
  (109, 'mongo_guk_2l', 1),
  (109, 'mongo_guk_2l', 1),
  (109, 'sampyo_jin_1l', 1),
  (109, 'mongo_guk_2l', 1),
  (109, 'sampyo_guk_2l', 1),
  (110, 'mongo_jin_1l', 1),
  (110, 'mongo_guk_1l', 1),
  (110, 'sampyo_guk_2l', 1),
  (110, 'mongo_guk_2l', 1),
  (110, 'sampyo_jin_1l', 1),
  (110, 'sampyo_guk_2l', 1),
  (110, 'sampyo_jin_1l', 1),
  (110, 'mongo_guk_1l', 1),
  (110, 'sampyo_guk_1l', 1),
  (110, 'sampyo_guk_1l', 1),
  (111, 'sampyo_guk_2l', 1),
  (111, 'mongo_guk_2l', 1),
  (111, 'mongo_jin_2l', 1),
  (111, 'mongo_jin_1l', 1),
  (111, 'sampyo_jin_2l', 1),
  (111, 'mongo_jin_2l', 1),
  (111, 'mongo_guk_2l', 1),
  (111, 'sampyo_guk_2l', 1),
  (111, 'sampyo_guk_2l', 1),
  (111, 'mongo_guk_2l', 1),
  (112, 'sampyo_guk_1l', 1),
  (112, 'mongo_jin_2l', 1),
  (112, 'sampyo_jin_1l', 1),
  (112, 'mongo_guk_1l', 1),
  (112, 'sampyo_guk_1l', 1),
  (112, 'mongo_guk_1l', 1),
  (112, 'mongo_jin_1l', 1),
  (112, 'sampyo_guk_1l', 1),
  (112, 'sampyo_guk_1l', 1),
  (112, 'sampyo_guk_2l', 1),
  (113, 'sampyo_guk_2l', 1),
  (113, 'mongo_guk_1l', 1),
  (113, 'mongo_jin_1l', 1),
  (113, 'mongo_jin_1l', 1),
  (113, 'sampyo_jin_1l', 1),
  (113, 'mongo_guk_2l', 1),
  (113, 'mongo_jin_1l', 1),
  (113, 'mongo_guk_1l', 1),
  (113, 'mongo_guk_2l', 1),
  (113, 'mongo_jin_2l', 1),
  (114, 'sampyo_jin_1l', 1),
  (114, 'sampyo_jin_1l', 1),
  (114, 'sampyo_jin_2l', 1),
  (114, 'sampyo_guk_2l', 1),
  (114, 'mongo_jin_1l', 1),
  (114, 'sampyo_guk_2l', 1),
  (114, 'sampyo_guk_1l', 1),
  (114, 'sampyo_guk_2l', 1),
  (114, 'mongo_guk_2l', 1),
  (114, 'mongo_guk_1l', 1),
  (115, 'mongo_jin_1l', 1),
  (115, 'mongo_jin_1l', 1),
  (115, 'mongo_guk_1l', 1),
  (115, 'mongo_guk_2l', 1),
  (115, 'sampyo_guk_1l', 1),
  (115, 'sampyo_jin_2l', 1),
  (115, 'sampyo_jin_1l', 1),
  (115, 'sampyo_jin_2l', 1),
  (115, 'sampyo_jin_2l', 1),
  (115, 'sampyo_jin_1l', 1),
  (116, 'sampyo_guk_1l', 1),
  (116, 'mongo_jin_2l', 1),
  (116, 'mongo_guk_2l', 1),
  (116, 'sampyo_guk_2l', 1),
  (116, 'sampyo_jin_1l', 1),
  (116, 'mongo_guk_2l', 1),
  (116, 'sampyo_guk_1l', 1),
  (116, 'sampyo_jin_2l', 1),
  (116, 'sampyo_guk_1l', 1),
  (116, 'mongo_guk_1l', 1),
  (117, 'mongo_jin_2l', 1),
  (117, 'sampyo_jin_1l', 1),
  (117, 'mongo_guk_1l', 1),
  (117, 'mongo_guk_1l', 1),
  (117, 'mongo_jin_2l', 1),
  (117, 'sampyo_guk_1l', 1),
  (117, 'mongo_jin_2l', 1),
  (117, 'mongo_jin_1l', 1),
  (117, 'sampyo_guk_1l', 1),
  (117, 'sampyo_guk_1l', 1),
  (118, 'sampyo_guk_2l', 1),
  (118, 'mongo_guk_2l', 1),
  (118, 'mongo_guk_1l', 1),
  (118, 'sampyo_jin_2l', 1),
  (118, 'sampyo_jin_1l', 1),
  (118, 'mongo_jin_1l', 1),
  (118, 'mongo_jin_1l', 1),
  (118, 'sampyo_jin_1l', 1),
  (118, 'mongo_jin_2l', 1),
  (118, 'sampyo_guk_2l', 1),
  (119, 'mongo_guk_2l', 1),
  (119, 'sampyo_jin_1l', 1),
  (119, 'mongo_guk_1l', 1),
  (119, 'sampyo_jin_1l', 1),
  (119, 'mongo_guk_1l', 1),
  (119, 'sampyo_jin_2l', 1),
  (119, 'mongo_guk_2l', 1),
  (119, 'sampyo_guk_2l', 1),
  (119, 'sampyo_jin_1l', 1),
  (119, 'sampyo_jin_1l', 1),
  (120, 'sampyo_jin_1l', 1),
  (120, 'sampyo_guk_1l', 1),
  (120, 'mongo_guk_2l', 1),
  (120, 'sampyo_jin_1l', 1),
  (120, 'mongo_guk_1l', 1),
  (120, 'sampyo_guk_2l', 1),
  (120, 'mongo_jin_1l', 1),
  (120, 'sampyo_jin_2l', 1),
  (120, 'sampyo_guk_2l', 1),
  (120, 'mongo_guk_2l', 1),
  (121, 'sampyo_jin_1l', 1),
  (121, 'mongo_guk_2l', 1),
  (121, 'mongo_jin_2l', 1),
  (121, 'sampyo_jin_1l', 1),
  (121, 'sampyo_jin_1l', 1),
  (121, 'mongo_guk_2l', 1),
  (121, 'sampyo_jin_1l', 1),
  (121, 'sampyo_guk_1l', 1),
  (121, 'sampyo_guk_2l', 1),
  (121, 'mongo_jin_2l', 1),
  (122, 'sampyo_guk_2l', 1),
  (122, 'mongo_jin_1l', 1),
  (122, 'mongo_guk_2l', 1),
  (122, 'mongo_guk_2l', 1),
  (122, 'mongo_jin_2l', 1),
  (122, 'sampyo_guk_2l', 1),
  (122, 'sampyo_guk_2l', 1),
  (122, 'mongo_jin_1l', 1),
  (122, 'mongo_jin_2l', 1),
  (122, 'mongo_guk_2l', 1),
  (123, 'mongo_jin_1l', 1),
  (123, 'sampyo_guk_1l', 1),
  (123, 'mongo_jin_2l', 1),
  (123, 'mongo_jin_1l', 1),
  (123, 'mongo_jin_1l', 1),
  (123, 'mongo_guk_2l', 1),
  (123, 'mongo_jin_1l', 1),
  (123, 'sampyo_jin_2l', 1),
  (123, 'sampyo_jin_2l', 1),
  (123, 'sampyo_jin_2l', 1),
  (124, 'sampyo_guk_2l', 1),
  (124, 'sampyo_guk_2l', 1),
  (124, 'mongo_jin_1l', 1),
  (124, 'sampyo_jin_2l', 1),
  (124, 'mongo_guk_2l', 1),
  (124, 'sampyo_jin_2l', 1),
  (124, 'sampyo_jin_2l', 1),
  (124, 'sampyo_guk_1l', 1),
  (124, 'sampyo_guk_1l', 1),
  (124, 'mongo_guk_1l', 1),
  (125, 'sampyo_guk_2l', 1),
  (125, 'mongo_guk_2l', 1),
  (125, 'sampyo_guk_1l', 1),
  (125, 'sampyo_jin_2l', 1),
  (125, 'sampyo_jin_2l', 1),
  (125, 'mongo_guk_1l', 1),
  (125, 'mongo_guk_1l', 1),
  (125, 'sampyo_guk_2l', 1),
  (125, 'sampyo_guk_1l', 1),
  (125, 'mongo_guk_2l', 1),
  (126, 'mongo_guk_2l', 1),
  (126, 'sampyo_jin_1l', 1),
  (126, 'sampyo_jin_2l', 1),
  (126, 'mongo_guk_1l', 1),
  (126, 'sampyo_jin_2l', 1),
  (126, 'mongo_jin_2l', 1),
  (126, 'sampyo_guk_2l', 1),
  (126, 'sampyo_jin_2l', 1),
  (126, 'mongo_jin_1l', 1),
  (126, 'mongo_guk_1l', 1),
  (127, 'sampyo_jin_2l', 1),
  (127, 'mongo_guk_2l', 1),
  (127, 'sampyo_guk_2l', 1),
  (127, 'mongo_guk_2l', 1),
  (127, 'mongo_jin_1l', 1),
  (127, 'mongo_guk_1l', 1),
  (127, 'mongo_jin_2l', 1),
  (127, 'sampyo_jin_2l', 1),
  (127, 'sampyo_jin_2l', 1),
  (127, 'mongo_jin_1l', 1),
  (128, 'sampyo_guk_2l', 1),
  (128, 'sampyo_guk_2l', 1),
  (128, 'sampyo_guk_1l', 1),
  (128, 'sampyo_jin_1l', 1),
  (128, 'sampyo_jin_1l', 1),
  (128, 'sampyo_guk_2l', 1),
  (128, 'mongo_guk_1l', 1),
  (128, 'sampyo_guk_2l', 1),
  (128, 'mongo_guk_2l', 1),
  (128, 'sampyo_guk_2l', 1),
  (129, 'mongo_guk_2l', 1),
  (129, 'sampyo_jin_1l', 1),
  (129, 'sampyo_guk_1l', 1),
  (129, 'sampyo_guk_1l', 1),
  (129, 'mongo_jin_1l', 1),
  (129, 'sampyo_guk_2l', 1),
  (129, 'mongo_guk_2l', 1),
  (129, 'mongo_jin_1l', 1),
  (129, 'sampyo_guk_2l', 1),
  (129, 'sampyo_guk_1l', 1)
;

-- processes 시드 (3월 1일까지 주문 대상)
INSERT INTO `processes` (`order_id`, `start_time`, `end_time`, `status`, `total_qty`, `success_1l_qty`, `success_2l_qty`, `unclassified_qty`) VALUES
  (1, '2025-03-01 09:00:00', '2025-03-01 09:00:00', 'COMPLETED', 10, 0, 0, 0),
  (2, '2025-03-04 09:00:00', '2025-03-04 09:00:00', 'COMPLETED', 10, 0, 0, 0),
  (3, '2025-03-07 09:00:00', '2025-03-07 09:00:00', 'COMPLETED', 10, 0, 0, 0),
  (4, '2025-03-10 09:00:00', '2025-03-10 09:00:00', 'COMPLETED', 10, 0, 0, 0),
  (5, '2025-03-13 09:00:00', '2025-03-13 09:00:00', 'COMPLETED', 10, 0, 0, 0),
  (6, '2025-03-16 09:00:00', '2025-03-16 09:00:00', 'COMPLETED', 10, 0, 0, 0),
  (7, '2025-03-19 09:00:00', '2025-03-19 09:00:00', 'COMPLETED', 10, 0, 0, 0),
  (8, '2025-03-22 09:00:00', '2025-03-22 09:00:00', 'COMPLETED', 10, 0, 0, 0),
  (9, '2025-03-25 09:00:00', '2025-03-25 09:00:00', 'COMPLETED', 10, 0, 0, 0),
  (10, '2025-03-28 09:00:00', '2025-03-28 09:00:00', 'COMPLETED', 10, 0, 0, 0),
  (11, '2025-03-31 09:00:00', '2025-03-31 09:00:00', 'COMPLETED', 10, 0, 0, 0),
  (12, '2025-04-03 09:00:00', '2025-04-03 09:00:00', 'COMPLETED', 10, 0, 0, 0),
  (13, '2025-04-06 09:00:00', '2025-04-06 09:00:00', 'COMPLETED', 10, 0, 0, 0),
  (14, '2025-04-09 09:00:00', '2025-04-09 09:00:00', 'COMPLETED', 10, 0, 0, 0),
  (15, '2025-04-12 09:00:00', '2025-04-12 09:00:00', 'COMPLETED', 10, 0, 0, 0),
  (16, '2025-04-15 09:00:00', '2025-04-15 09:00:00', 'COMPLETED', 10, 0, 0, 0),
  (17, '2025-04-18 09:00:00', '2025-04-18 09:00:00', 'COMPLETED', 10, 0, 0, 0),
  (18, '2025-04-21 09:00:00', '2025-04-21 09:00:00', 'COMPLETED', 10, 0, 0, 0),
  (19, '2025-04-24 09:00:00', '2025-04-24 09:00:00', 'COMPLETED', 10, 0, 0, 0),
  (20, '2025-04-27 09:00:00', '2025-04-27 09:00:00', 'COMPLETED', 10, 0, 0, 0),
  (21, '2025-04-30 09:00:00', '2025-04-30 09:00:00', 'COMPLETED', 10, 0, 0, 0),
  (22, '2025-05-03 09:00:00', '2025-05-03 09:00:00', 'COMPLETED', 10, 0, 0, 0),
  (23, '2025-05-06 09:00:00', '2025-05-06 09:00:00', 'COMPLETED', 10, 0, 0, 0),
  (24, '2025-05-09 09:00:00', '2025-05-09 09:00:00', 'COMPLETED', 10, 0, 0, 0),
  (25, '2025-05-12 09:00:00', '2025-05-12 09:00:00', 'COMPLETED', 10, 0, 0, 0),
  (26, '2025-05-15 09:00:00', '2025-05-15 09:00:00', 'COMPLETED', 10, 0, 0, 0),
  (27, '2025-05-18 09:00:00', '2025-05-18 09:00:00', 'COMPLETED', 10, 0, 0, 0),
  (28, '2025-05-21 09:00:00', '2025-05-21 09:00:00', 'COMPLETED', 10, 0, 0, 0),
  (29, '2025-05-24 09:00:00', '2025-05-24 09:00:00', 'COMPLETED', 10, 0, 0, 0),
  (30, '2025-05-27 09:00:00', '2025-05-27 09:00:00', 'COMPLETED', 10, 0, 0, 0),
  (31, '2025-05-30 09:00:00', '2025-05-30 09:00:00', 'COMPLETED', 10, 0, 0, 0),
  (32, '2025-06-02 09:00:00', '2025-06-02 09:00:00', 'COMPLETED', 10, 0, 0, 0),
  (33, '2025-06-05 09:00:00', '2025-06-05 09:00:00', 'COMPLETED', 10, 0, 0, 0),
  (34, '2025-06-08 09:00:00', '2025-06-08 09:00:00', 'COMPLETED', 10, 0, 0, 0),
  (35, '2025-06-11 09:00:00', '2025-06-11 09:00:00', 'COMPLETED', 10, 0, 0, 0),
  (36, '2025-06-14 09:00:00', '2025-06-14 09:00:00', 'COMPLETED', 10, 0, 0, 0),
  (37, '2025-06-17 09:00:00', '2025-06-17 09:00:00', 'COMPLETED', 10, 0, 0, 0),
  (38, '2025-06-20 09:00:00', '2025-06-20 09:00:00', 'COMPLETED', 10, 0, 0, 0),
  (39, '2025-06-23 09:00:00', '2025-06-23 09:00:00', 'COMPLETED', 10, 0, 0, 0),
  (40, '2025-06-26 09:00:00', '2025-06-26 09:00:00', 'COMPLETED', 10, 0, 0, 0),
  (41, '2025-06-29 09:00:00', '2025-06-29 09:00:00', 'COMPLETED', 10, 0, 0, 0),
  (42, '2025-07-02 09:00:00', '2025-07-02 09:00:00', 'COMPLETED', 10, 0, 0, 0),
  (43, '2025-07-05 09:00:00', '2025-07-05 09:00:00', 'COMPLETED', 10, 0, 0, 0),
  (44, '2025-07-08 09:00:00', '2025-07-08 09:00:00', 'COMPLETED', 10, 0, 0, 0),
  (45, '2025-07-11 09:00:00', '2025-07-11 09:00:00', 'COMPLETED', 10, 0, 0, 0),
  (46, '2025-07-14 09:00:00', '2025-07-14 09:00:00', 'COMPLETED', 10, 0, 0, 0),
  (47, '2025-07-17 09:00:00', '2025-07-17 09:00:00', 'COMPLETED', 10, 0, 0, 0),
  (48, '2025-07-20 09:00:00', '2025-07-20 09:00:00', 'COMPLETED', 10, 0, 0, 0),
  (49, '2025-07-23 09:00:00', '2025-07-23 09:00:00', 'COMPLETED', 10, 0, 0, 0),
  (50, '2025-07-26 09:00:00', '2025-07-26 09:00:00', 'COMPLETED', 10, 0, 0, 0),
  (51, '2025-07-29 09:00:00', '2025-07-29 09:00:00', 'COMPLETED', 10, 0, 0, 0),
  (52, '2025-08-01 09:00:00', '2025-08-01 09:00:00', 'COMPLETED', 10, 0, 0, 0),
  (53, '2025-08-04 09:00:00', '2025-08-04 09:00:00', 'COMPLETED', 10, 0, 0, 0),
  (54, '2025-08-07 09:00:00', '2025-08-07 09:00:00', 'COMPLETED', 10, 0, 0, 0),
  (55, '2025-08-10 09:00:00', '2025-08-10 09:00:00', 'COMPLETED', 10, 0, 0, 0),
  (56, '2025-08-13 09:00:00', '2025-08-13 09:00:00', 'COMPLETED', 10, 0, 0, 0),
  (57, '2025-08-16 09:00:00', '2025-08-16 09:00:00', 'COMPLETED', 10, 0, 0, 0),
  (58, '2025-08-19 09:00:00', '2025-08-19 09:00:00', 'COMPLETED', 10, 0, 0, 0),
  (59, '2025-08-22 09:00:00', '2025-08-22 09:00:00', 'COMPLETED', 10, 0, 0, 0),
  (60, '2025-08-25 09:00:00', '2025-08-25 09:00:00', 'COMPLETED', 10, 0, 0, 0),
  (61, '2025-08-28 09:00:00', '2025-08-28 09:00:00', 'COMPLETED', 10, 0, 0, 0),
  (62, '2025-08-31 09:00:00', '2025-08-31 09:00:00', 'COMPLETED', 10, 0, 0, 0),
  (63, '2025-09-03 09:00:00', '2025-09-03 09:00:00', 'COMPLETED', 10, 0, 0, 0),
  (64, '2025-09-06 09:00:00', '2025-09-06 09:00:00', 'COMPLETED', 10, 0, 0, 0),
  (65, '2025-09-09 09:00:00', '2025-09-09 09:00:00', 'COMPLETED', 10, 0, 0, 0),
  (66, '2025-09-12 09:00:00', '2025-09-12 09:00:00', 'COMPLETED', 10, 0, 0, 0),
  (67, '2025-09-15 09:00:00', '2025-09-15 09:00:00', 'COMPLETED', 10, 0, 0, 0),
  (68, '2025-09-18 09:00:00', '2025-09-18 09:00:00', 'COMPLETED', 10, 0, 0, 0),
  (69, '2025-09-21 09:00:00', '2025-09-21 09:00:00', 'COMPLETED', 10, 0, 0, 0),
  (70, '2025-09-24 09:00:00', '2025-09-24 09:00:00', 'COMPLETED', 10, 0, 0, 0),
  (71, '2025-09-27 09:00:00', '2025-09-27 09:00:00', 'COMPLETED', 10, 0, 0, 0),
  (72, '2025-09-30 09:00:00', '2025-09-30 09:00:00', 'COMPLETED', 10, 0, 0, 0),
  (73, '2025-10-03 09:00:00', '2025-10-03 09:00:00', 'COMPLETED', 10, 0, 0, 0),
  (74, '2025-10-06 09:00:00', '2025-10-06 09:00:00', 'COMPLETED', 10, 0, 0, 0),
  (75, '2025-10-09 09:00:00', '2025-10-09 09:00:00', 'COMPLETED', 10, 0, 0, 0),
  (76, '2025-10-12 09:00:00', '2025-10-12 09:00:00', 'COMPLETED', 10, 0, 0, 0),
  (77, '2025-10-15 09:00:00', '2025-10-15 09:00:00', 'COMPLETED', 10, 0, 0, 0),
  (78, '2025-10-18 09:00:00', '2025-10-18 09:00:00', 'COMPLETED', 10, 0, 0, 0),
  (79, '2025-10-21 09:00:00', '2025-10-21 09:00:00', 'COMPLETED', 10, 0, 0, 0),
  (80, '2025-10-24 09:00:00', '2025-10-24 09:00:00', 'COMPLETED', 10, 0, 0, 0),
  (81, '2025-10-27 09:00:00', '2025-10-27 09:00:00', 'COMPLETED', 10, 0, 0, 0),
  (82, '2025-10-30 09:00:00', '2025-10-30 09:00:00', 'COMPLETED', 10, 0, 0, 0),
  (83, '2025-11-02 09:00:00', '2025-11-02 09:00:00', 'COMPLETED', 10, 0, 0, 0),
  (84, '2025-11-05 09:00:00', '2025-11-05 09:00:00', 'COMPLETED', 10, 0, 0, 0),
  (85, '2025-11-08 09:00:00', '2025-11-08 09:00:00', 'COMPLETED', 10, 0, 0, 0),
  (86, '2025-11-11 09:00:00', '2025-11-11 09:00:00', 'COMPLETED', 10, 0, 0, 0),
  (87, '2025-11-14 09:00:00', '2025-11-14 09:00:00', 'COMPLETED', 10, 0, 0, 0),
  (88, '2025-11-17 09:00:00', '2025-11-17 09:00:00', 'COMPLETED', 10, 0, 0, 0),
  (89, '2025-11-20 09:00:00', '2025-11-20 09:00:00', 'COMPLETED', 10, 0, 0, 0),
  (90, '2025-11-23 09:00:00', '2025-11-23 09:00:00', 'COMPLETED', 10, 0, 0, 0),
  (91, '2025-11-26 09:00:00', '2025-11-26 09:00:00', 'COMPLETED', 10, 0, 0, 0),
  (92, '2025-11-29 09:00:00', '2025-11-29 09:00:00', 'COMPLETED', 10, 0, 0, 0),
  (93, '2025-12-02 09:00:00', '2025-12-02 09:00:00', 'COMPLETED', 10, 0, 0, 0),
  (94, '2025-12-05 09:00:00', '2025-12-05 09:00:00', 'COMPLETED', 10, 0, 0, 0),
  (95, '2025-12-08 09:00:00', '2025-12-08 09:00:00', 'COMPLETED', 10, 0, 0, 0),
  (96, '2025-12-11 09:00:00', '2025-12-11 09:00:00', 'COMPLETED', 10, 0, 0, 0),
  (97, '2025-12-14 09:00:00', '2025-12-14 09:00:00', 'COMPLETED', 10, 0, 0, 0),
  (98, '2025-12-17 09:00:00', '2025-12-17 09:00:00', 'COMPLETED', 10, 0, 0, 0),
  (99, '2025-12-20 09:00:00', '2025-12-20 09:00:00', 'COMPLETED', 10, 0, 0, 0),
  (100, '2025-12-23 09:00:00', '2025-12-23 09:00:00', 'COMPLETED', 10, 0, 0, 0),
  (101, '2025-12-26 09:00:00', '2025-12-26 09:00:00', 'COMPLETED', 10, 0, 0, 0),
  (102, '2025-12-29 09:00:00', '2025-12-29 09:00:00', 'COMPLETED', 10, 0, 0, 0),
  (103, '2026-01-01 09:00:00', '2026-01-01 09:00:00', 'COMPLETED', 10, 0, 0, 0),
  (104, '2026-01-04 09:00:00', '2026-01-04 09:00:00', 'COMPLETED', 10, 0, 0, 0),
  (105, '2026-01-07 09:00:00', '2026-01-07 09:00:00', 'COMPLETED', 10, 0, 0, 0),
  (106, '2026-01-10 09:00:00', '2026-01-10 09:00:00', 'COMPLETED', 10, 0, 0, 0),
  (107, '2026-01-13 09:00:00', '2026-01-13 09:00:00', 'COMPLETED', 10, 0, 0, 0),
  (108, '2026-01-16 09:00:00', '2026-01-16 09:00:00', 'COMPLETED', 10, 0, 0, 0),
  (109, '2026-01-19 09:00:00', '2026-01-19 09:00:00', 'COMPLETED', 10, 0, 0, 0),
  (110, '2026-01-22 09:00:00', '2026-01-22 09:00:00', 'COMPLETED', 10, 0, 0, 0),
  (111, '2026-01-25 09:00:00', '2026-01-25 09:00:00', 'COMPLETED', 10, 0, 0, 0),
  (112, '2026-01-28 09:00:00', '2026-01-28 09:00:00', 'COMPLETED', 10, 0, 0, 0),
  (113, '2026-01-31 09:00:00', '2026-01-31 09:00:00', 'COMPLETED', 10, 0, 0, 0),
  (114, '2026-02-03 09:00:00', '2026-02-03 09:00:00', 'COMPLETED', 10, 0, 0, 0),
  (115, '2026-02-06 09:00:00', '2026-02-06 09:00:00', 'COMPLETED', 10, 0, 0, 0),
  (116, '2026-02-09 09:00:00', '2026-02-09 09:00:00', 'COMPLETED', 10, 0, 0, 0),
  (117, '2026-02-12 09:00:00', '2026-02-12 09:00:00', 'COMPLETED', 10, 0, 0, 0),
  (118, '2026-02-15 09:00:00', '2026-02-15 09:00:00', 'COMPLETED', 10, 0, 0, 0),
  (119, '2026-02-18 09:00:00', '2026-02-18 09:00:00', 'COMPLETED', 10, 0, 0, 0),
  (120, '2026-02-21 09:00:00', '2026-02-21 09:00:00', 'COMPLETED', 10, 0, 0, 0),
  (121, '2026-02-24 09:00:00', '2026-02-24 09:00:00', 'COMPLETED', 10, 0, 0, 0),
  (122, '2026-02-27 09:00:00', '2026-02-27 09:00:00', 'COMPLETED', 10, 0, 0, 0)
;

-- inventory 행 (item_sorting_logs FK용)
INSERT INTO `inventory` (`inventory_id`, `inventory_name`, `current_qty`, `updated_at`) VALUES
  (1, '1L창고', 0, NOW()),
  (2, '2L창고', 0, NOW()),
  (3, '미분류 창고', 0, NOW())
ON DUPLICATE KEY UPDATE inventory_name = VALUES(inventory_name), updated_at = NOW();

-- item_sorting_logs 시드
INSERT INTO `item_sorting_logs` (`process_id`, `item_code`, `expiration_date`, `inventory_id`, `is_error`, `timestamp`) VALUES
  (1, 'mongo_guk_2l', '2028-03-16', 2, 0, '2025-03-01 10:01:01'),
  (1, 'mongo_guk_1l', '2026-08-11', 1, 0, '2025-03-01 10:02:02'),
  (1, 'sampyo_guk_1l', '2026-06-26', 1, 0, '2025-03-01 10:03:03'),
  (1, 'mongo_jin_2l', '2027-04-21', 2, 0, '2025-03-01 10:04:04'),
  (1, 'mongo_jin_2l', '2027-03-03', 2, 0, '2025-03-01 10:05:05'),
  (1, 'mongo_jin_1l', '2028-02-16', 1, 0, '2025-03-01 10:06:06'),
  (1, 'mongo_guk_2l', '2028-04-26', 2, 0, '2025-03-01 10:07:07'),
  (1, 'mongo_guk_2l', '2027-09-22', 2, 0, '2025-03-01 10:08:08'),
  (1, 'sampyo_jin_1l', '2028-02-16', 3, 0, '2025-03-01 10:09:09'),
  (1, 'mongo_guk_1l', '2027-04-06', 1, 0, '2025-03-01 10:10:10'),
  (2, 'mongo_guk_1l', '2027-02-11', NULL, 1, '2025-03-04 10:11:11'),
  (2, 'mongo_guk_2l', '2026-11-06', 2, 0, '2025-03-04 10:12:12'),
  (2, 'mongo_jin_2l', '2027-08-11', 2, 0, '2025-03-04 10:13:13'),
  (2, 'mongo_jin_2l', '2026-08-19', 2, 0, '2025-03-04 10:14:14'),
  (2, 'mongo_guk_1l', '2027-01-28', 3, 0, '2025-03-04 10:15:15'),
  (2, 'mongo_jin_2l', '2026-07-13', 2, 0, '2025-03-04 10:16:16'),
  (2, 'sampyo_jin_1l', '2027-10-05', 1, 0, '2025-03-04 10:17:17'),
  (2, 'mongo_jin_2l', '2027-09-22', 2, 0, '2025-03-04 10:18:18'),
  (2, 'sampyo_jin_2l', '2027-03-11', NULL, 1, '2025-03-04 10:19:19'),
  (2, 'sampyo_guk_1l', '2027-12-24', 1, 0, '2025-03-04 10:20:20'),
  (3, 'mongo_guk_1l', '2027-04-21', 3, 0, '2025-03-07 10:21:21'),
  (3, 'mongo_jin_1l', '2026-10-03', 3, 0, '2025-03-07 10:22:22'),
  (3, 'sampyo_jin_1l', '2027-12-31', 1, 0, '2025-03-07 10:23:23'),
  (3, 'sampyo_guk_2l', '2026-09-17', 2, 0, '2025-03-07 10:24:24'),
  (3, 'sampyo_guk_1l', '2026-05-15', 1, 0, '2025-03-07 10:25:25'),
  (3, 'mongo_jin_1l', '2028-02-22', 1, 0, '2025-03-07 10:26:26'),
  (3, 'mongo_jin_2l', '2027-06-29', 2, 0, '2025-03-07 10:27:27'),
  (3, 'sampyo_guk_2l', '2027-07-04', 2, 0, '2025-03-07 10:28:28'),
  (3, 'mongo_guk_2l', '2026-12-01', 2, 0, '2025-03-07 10:29:29'),
  (3, 'mongo_guk_2l', '2027-07-25', 2, 0, '2025-03-07 10:30:30'),
  (4, 'sampyo_jin_1l', '2026-10-16', 1, 0, '2025-03-10 10:31:31'),
  (4, 'mongo_guk_2l', '2027-11-06', 2, 0, '2025-03-10 10:32:32'),
  (4, 'sampyo_guk_2l', '2027-07-17', 2, 0, '2025-03-10 10:33:33'),
  (4, 'sampyo_guk_2l', '2027-04-27', 2, 0, '2025-03-10 10:34:34'),
  (4, 'sampyo_guk_1l', '2027-06-03', 1, 0, '2025-03-10 10:35:35'),
  (4, 'mongo_guk_1l', '2026-10-22', 1, 0, '2025-03-10 10:36:36'),
  (4, 'sampyo_jin_2l', '2026-08-20', 2, 0, '2025-03-10 10:37:37'),
  (4, 'mongo_guk_2l', '2026-05-24', 2, 0, '2025-03-10 10:38:38'),
  (4, 'sampyo_jin_1l', '2027-04-16', 1, 0, '2025-03-10 10:39:39'),
  (4, 'mongo_guk_2l', '2026-07-15', 2, 0, '2025-03-10 10:40:40'),
  (5, 'sampyo_guk_1l', '2027-09-11', 1, 0, '2025-03-13 10:41:41'),
  (5, 'sampyo_guk_2l', '2027-01-17', 2, 0, '2025-03-13 10:42:42'),
  (5, 'mongo_jin_2l', '2026-09-12', 3, 0, '2025-03-13 10:43:43'),
  (5, 'mongo_guk_2l', '2027-09-08', 2, 0, '2025-03-13 10:44:44'),
  (5, 'mongo_guk_1l', '2027-06-22', 3, 0, '2025-03-13 10:45:45'),
  (5, 'mongo_jin_2l', '2026-11-14', 3, 0, '2025-03-13 10:46:46'),
  (5, 'sampyo_guk_1l', '2027-03-24', 1, 0, '2025-03-13 10:47:47'),
  (5, 'mongo_guk_2l', '2027-05-30', 2, 0, '2025-03-13 10:48:48'),
  (5, 'mongo_jin_2l', '2027-08-28', 3, 0, '2025-03-13 10:49:49'),
  (5, 'mongo_guk_2l', '2027-05-01', 2, 0, '2025-03-13 10:50:50'),
  (6, 'sampyo_jin_1l', '2027-04-19', 1, 0, '2025-03-16 10:51:51'),
  (6, 'sampyo_guk_1l', '2027-02-21', 1, 0, '2025-03-16 10:52:52'),
  (6, 'sampyo_jin_2l', '2028-04-01', 2, 0, '2025-03-16 10:53:53'),
  (6, 'sampyo_guk_2l', '2026-08-28', 2, 0, '2025-03-16 10:54:54'),
  (6, 'mongo_jin_1l', '2027-01-19', 3, 0, '2025-03-16 10:55:55'),
  (6, 'sampyo_guk_2l', '2027-07-28', 2, 0, '2025-03-16 10:56:56'),
  (6, 'sampyo_guk_2l', '2026-08-21', 2, 0, '2025-03-16 10:57:57'),
  (6, 'mongo_jin_2l', '2027-07-25', 2, 0, '2025-03-16 10:58:58'),
  (6, 'sampyo_guk_1l', '2026-04-06', 1, 0, '2025-03-16 10:59:59'),
  (6, 'mongo_guk_2l', '2026-04-20', 2, 0, '2025-03-16 10:00:00'),
  (7, 'mongo_jin_1l', '2026-09-01', 1, 0, '2025-03-19 10:01:01'),
  (7, 'mongo_jin_2l', '2028-04-14', 2, 0, '2025-03-19 10:02:02'),
  (7, 'mongo_jin_1l', '2027-06-08', 1, 0, '2025-03-19 10:03:03'),
  (7, 'sampyo_jin_2l', '2027-01-21', 3, 0, '2025-03-19 10:04:04'),
  (7, 'sampyo_jin_1l', '2026-08-03', 1, 0, '2025-03-19 10:05:05'),
  (7, 'sampyo_guk_1l', '2027-06-04', NULL, 1, '2025-03-19 10:06:06'),
  (7, 'mongo_jin_2l', '2027-12-29', 2, 0, '2025-03-19 10:07:07'),
  (7, 'sampyo_guk_2l', '2026-07-23', 2, 0, '2025-03-19 10:08:08'),
  (7, 'mongo_guk_1l', '2027-08-25', 1, 0, '2025-03-19 10:09:09'),
  (7, 'mongo_jin_2l', '2026-04-17', 2, 0, '2025-03-19 10:10:10'),
  (8, 'mongo_guk_1l', '2027-11-10', 1, 0, '2025-03-22 10:11:11'),
  (8, 'sampyo_guk_2l', '2026-08-26', 2, 0, '2025-03-22 10:12:12'),
  (8, 'sampyo_jin_1l', '2026-04-02', 1, 0, '2025-03-22 10:13:13'),
  (8, 'sampyo_guk_1l', '2026-12-03', 1, 0, '2025-03-22 10:14:14'),
  (8, 'mongo_guk_2l', '2026-10-09', 2, 0, '2025-03-22 10:15:15'),
  (8, 'mongo_jin_2l', '2026-06-27', 2, 0, '2025-03-22 10:16:16'),
  (8, 'sampyo_guk_2l', '2027-04-05', 2, 0, '2025-03-22 10:17:17'),
  (8, 'mongo_jin_2l', '2027-09-21', 3, 0, '2025-03-22 10:18:18'),
  (8, 'sampyo_jin_2l', '2027-09-02', 2, 0, '2025-03-22 10:19:19'),
  (8, 'sampyo_jin_1l', '2027-05-05', 1, 0, '2025-03-22 10:20:20'),
  (9, 'sampyo_jin_2l', '2026-05-15', 2, 0, '2025-03-25 10:21:21'),
  (9, 'mongo_jin_1l', '2027-04-18', 1, 0, '2025-03-25 10:22:22'),
  (9, 'sampyo_guk_1l', '2026-04-17', 1, 0, '2025-03-25 10:23:23'),
  (9, 'mongo_jin_1l', '2026-06-09', 1, 0, '2025-03-25 10:24:24'),
  (9, 'mongo_jin_2l', '2028-04-20', 2, 0, '2025-03-25 10:25:25'),
  (9, 'sampyo_guk_1l', '2026-07-16', 1, 0, '2025-03-25 10:26:26'),
  (9, 'sampyo_jin_1l', '2028-04-22', 1, 0, '2025-03-25 10:27:27'),
  (9, 'sampyo_jin_1l', '2026-08-15', 1, 0, '2025-03-25 10:28:28'),
  (9, 'sampyo_guk_2l', '2027-10-12', NULL, 1, '2025-03-25 10:29:29'),
  (9, 'mongo_jin_2l', '2028-01-19', 2, 0, '2025-03-25 10:30:30'),
  (10, 'mongo_jin_1l', '2028-03-02', 1, 0, '2025-03-28 10:31:31'),
  (10, 'sampyo_jin_2l', '2028-03-13', 2, 0, '2025-03-28 10:32:32'),
  (10, 'mongo_guk_2l', '2026-10-04', 2, 0, '2025-03-28 10:33:33'),
  (10, 'mongo_guk_1l', '2026-06-04', 1, 0, '2025-03-28 10:34:34'),
  (10, 'mongo_guk_2l', '2027-07-13', 2, 0, '2025-03-28 10:35:35'),
  (10, 'mongo_jin_1l', '2026-10-24', NULL, 1, '2025-03-28 10:36:36'),
  (10, 'mongo_jin_1l', '2026-10-22', NULL, 1, '2025-03-28 10:37:37'),
  (10, 'sampyo_jin_1l', '2027-02-18', 1, 0, '2025-03-28 10:38:38'),
  (10, 'mongo_guk_2l', '2027-09-10', 2, 0, '2025-03-28 10:39:39'),
  (10, 'sampyo_jin_1l', '2027-10-09', 1, 0, '2025-03-28 10:40:40'),
  (11, 'sampyo_jin_1l', '2026-05-08', 1, 0, '2025-03-31 10:41:41'),
  (11, 'sampyo_jin_2l', '2026-10-13', 2, 0, '2025-03-31 10:42:42'),
  (11, 'sampyo_guk_1l', '2026-05-19', 1, 0, '2025-03-31 10:43:43'),
  (11, 'mongo_guk_1l', '2027-03-06', 1, 0, '2025-03-31 10:44:44'),
  (11, 'mongo_guk_2l', '2027-04-12', 2, 0, '2025-03-31 10:45:45'),
  (11, 'sampyo_guk_1l', '2027-05-15', 1, 0, '2025-03-31 10:46:46'),
  (11, 'sampyo_guk_2l', '2027-05-01', 2, 0, '2025-03-31 10:47:47'),
  (11, 'mongo_guk_2l', '2026-10-09', 2, 0, '2025-03-31 10:48:48'),
  (11, 'sampyo_guk_1l', '2027-08-23', 1, 0, '2025-03-31 10:49:49'),
  (11, 'sampyo_jin_1l', '2027-09-14', 1, 0, '2025-03-31 10:50:50'),
  (12, 'mongo_jin_1l', '2026-06-24', 1, 0, '2025-04-03 10:51:51'),
  (12, 'sampyo_jin_2l', '2026-06-20', 2, 0, '2025-04-03 10:52:52'),
  (12, 'mongo_guk_1l', '2026-10-02', 1, 0, '2025-04-03 10:53:53'),
  (12, 'sampyo_guk_1l', '2027-02-23', 1, 0, '2025-04-03 10:54:54'),
  (12, 'mongo_jin_1l', '2027-03-02', 3, 0, '2025-04-03 10:55:55'),
  (12, 'mongo_guk_2l', '2027-02-08', 2, 0, '2025-04-03 10:56:56'),
  (12, 'sampyo_guk_1l', '2028-04-04', 1, 0, '2025-04-03 10:57:57'),
  (12, 'mongo_jin_2l', '2028-03-07', 2, 0, '2025-04-03 10:58:58'),
  (12, 'mongo_jin_1l', '2027-07-02', 1, 0, '2025-04-03 10:59:59'),
  (12, 'sampyo_guk_2l', '2027-03-28', NULL, 1, '2025-04-03 10:00:00'),
  (13, 'mongo_jin_1l', '2027-06-20', 1, 0, '2025-04-06 10:01:01'),
  (13, 'mongo_guk_1l', '2026-05-29', 1, 0, '2025-04-06 10:02:02'),
  (13, 'sampyo_guk_2l', '2028-01-13', 3, 0, '2025-04-06 10:03:03'),
  (13, 'sampyo_jin_2l', '2027-09-08', 2, 0, '2025-04-06 10:04:04'),
  (13, 'mongo_guk_1l', '2028-02-25', 1, 0, '2025-04-06 10:05:05'),
  (13, 'mongo_guk_2l', '2026-05-02', 2, 0, '2025-04-06 10:06:06'),
  (13, 'sampyo_guk_2l', '2027-12-14', 3, 0, '2025-04-06 10:07:07'),
  (13, 'sampyo_guk_1l', '2027-06-23', 1, 0, '2025-04-06 10:08:08'),
  (13, 'mongo_jin_2l', '2026-06-08', NULL, 1, '2025-04-06 10:09:09'),
  (13, 'mongo_guk_1l', '2028-01-21', 1, 0, '2025-04-06 10:10:10'),
  (14, 'mongo_jin_2l', '2027-04-28', 2, 0, '2025-04-09 10:11:11'),
  (14, 'mongo_guk_2l', '2026-05-04', 2, 0, '2025-04-09 10:12:12'),
  (14, 'mongo_guk_2l', '2028-02-25', 2, 0, '2025-04-09 10:13:13'),
  (14, 'sampyo_jin_2l', '2027-04-15', 2, 0, '2025-04-09 10:14:14'),
  (14, 'mongo_guk_2l', '2026-06-18', 2, 0, '2025-04-09 10:15:15'),
  (14, 'mongo_jin_1l', '2027-09-25', 1, 0, '2025-04-09 10:16:16'),
  (14, 'mongo_jin_1l', '2027-02-16', 1, 0, '2025-04-09 10:17:17'),
  (14, 'sampyo_jin_2l', '2026-12-12', 2, 0, '2025-04-09 10:18:18'),
  (14, 'mongo_jin_1l', '2026-04-27', 1, 0, '2025-04-09 10:19:19'),
  (14, 'sampyo_guk_1l', '2027-08-25', 1, 0, '2025-04-09 10:20:20'),
  (15, 'sampyo_jin_1l', '2027-10-28', 1, 0, '2025-04-12 10:21:21'),
  (15, 'mongo_jin_2l', '2026-12-23', 3, 0, '2025-04-12 10:22:22'),
  (15, 'mongo_jin_2l', '2026-11-06', 2, 0, '2025-04-12 10:23:23'),
  (15, 'sampyo_guk_1l', '2027-01-18', 1, 0, '2025-04-12 10:24:24'),
  (15, 'sampyo_jin_1l', '2027-08-16', 1, 0, '2025-04-12 10:25:25'),
  (15, 'sampyo_guk_2l', '2026-08-17', 2, 0, '2025-04-12 10:26:26'),
  (15, 'sampyo_jin_2l', '2027-07-07', 2, 0, '2025-04-12 10:27:27'),
  (15, 'sampyo_jin_2l', '2028-03-31', 2, 0, '2025-04-12 10:28:28'),
  (15, 'mongo_guk_2l', '2026-06-29', 2, 0, '2025-04-12 10:29:29'),
  (15, 'mongo_jin_2l', '2027-02-22', 2, 0, '2025-04-12 10:30:30'),
  (16, 'mongo_jin_2l', '2028-03-27', 2, 0, '2025-04-15 10:31:31'),
  (16, 'mongo_guk_2l', '2027-10-08', 3, 0, '2025-04-15 10:32:32'),
  (16, 'sampyo_guk_2l', '2027-02-02', 2, 0, '2025-04-15 10:33:33'),
  (16, 'mongo_guk_1l', '2028-03-29', 1, 0, '2025-04-15 10:34:34'),
  (16, 'mongo_jin_2l', '2028-03-18', 2, 0, '2025-04-15 10:35:35'),
  (16, 'mongo_jin_2l', '2027-04-06', 2, 0, '2025-04-15 10:36:36'),
  (16, 'mongo_guk_1l', '2026-08-03', 1, 0, '2025-04-15 10:37:37'),
  (16, 'mongo_guk_2l', '2026-08-21', 2, 0, '2025-04-15 10:38:38'),
  (16, 'mongo_guk_1l', '2027-08-19', 1, 0, '2025-04-15 10:39:39'),
  (16, 'mongo_jin_2l', '2027-10-20', NULL, 1, '2025-04-15 10:40:40'),
  (17, 'mongo_guk_2l', '2027-07-23', 2, 0, '2025-04-18 10:41:41'),
  (17, 'mongo_guk_1l', '2027-10-17', 1, 0, '2025-04-18 10:42:42'),
  (17, 'sampyo_guk_2l', '2026-06-28', 3, 0, '2025-04-18 10:43:43'),
  (17, 'mongo_guk_2l', '2027-05-13', 3, 0, '2025-04-18 10:44:44'),
  (17, 'mongo_jin_2l', '2028-04-06', 2, 0, '2025-04-18 10:45:45'),
  (17, 'sampyo_guk_1l', '2027-05-26', 1, 0, '2025-04-18 10:46:46'),
  (17, 'sampyo_jin_2l', '2027-11-10', 2, 0, '2025-04-18 10:47:47'),
  (17, 'mongo_jin_2l', '2027-02-19', 3, 0, '2025-04-18 10:48:48'),
  (17, 'mongo_jin_1l', '2027-07-05', 1, 0, '2025-04-18 10:49:49'),
  (17, 'sampyo_jin_2l', '2027-09-12', 2, 0, '2025-04-18 10:50:50'),
  (18, 'mongo_jin_2l', '2027-10-17', 2, 0, '2025-04-21 10:51:51'),
  (18, 'sampyo_jin_2l', '2026-10-04', 2, 0, '2025-04-21 10:52:52'),
  (18, 'sampyo_jin_1l', '2026-08-11', 1, 0, '2025-04-21 10:53:53'),
  (18, 'mongo_jin_2l', '2026-05-27', 2, 0, '2025-04-21 10:54:54'),
  (18, 'mongo_guk_2l', '2027-09-13', 2, 0, '2025-04-21 10:55:55'),
  (18, 'mongo_guk_2l', '2026-09-16', 3, 0, '2025-04-21 10:56:56'),
  (18, 'sampyo_jin_1l', '2028-03-27', 1, 0, '2025-04-21 10:57:57'),
  (18, 'sampyo_guk_2l', '2027-09-14', 2, 0, '2025-04-21 10:58:58'),
  (18, 'sampyo_jin_1l', '2026-06-20', 1, 0, '2025-04-21 10:59:59'),
  (18, 'sampyo_jin_1l', '2028-01-11', 1, 0, '2025-04-21 10:00:00'),
  (19, 'sampyo_jin_2l', '2027-01-07', 2, 0, '2025-04-24 10:01:01'),
  (19, 'mongo_guk_1l', '2027-02-05', 3, 0, '2025-04-24 10:02:02'),
  (19, 'mongo_guk_2l', '2026-07-05', 2, 0, '2025-04-24 10:03:03'),
  (19, 'mongo_guk_1l', '2026-09-20', 1, 0, '2025-04-24 10:04:04'),
  (19, 'sampyo_jin_1l', '2027-11-16', 1, 0, '2025-04-24 10:05:05'),
  (19, 'sampyo_guk_2l', '2028-02-04', 3, 0, '2025-04-24 10:06:06'),
  (19, 'mongo_guk_2l', '2027-12-11', 2, 0, '2025-04-24 10:07:07'),
  (19, 'mongo_jin_2l', '2027-10-30', 2, 0, '2025-04-24 10:08:08'),
  (19, 'mongo_jin_2l', '2026-04-30', NULL, 1, '2025-04-24 10:09:09'),
  (19, 'mongo_jin_2l', '2028-01-17', 3, 0, '2025-04-24 10:10:10'),
  (20, 'sampyo_jin_2l', '2026-12-28', 2, 0, '2025-04-27 10:11:11'),
  (20, 'mongo_jin_1l', '2027-11-07', 1, 0, '2025-04-27 10:12:12'),
  (20, 'sampyo_jin_1l', '2028-01-15', 1, 0, '2025-04-27 10:13:13'),
  (20, 'mongo_jin_1l', '2028-01-03', NULL, 1, '2025-04-27 10:14:14'),
  (20, 'sampyo_guk_1l', '2028-01-18', 1, 0, '2025-04-27 10:15:15'),
  (20, 'sampyo_jin_2l', '2027-08-08', 2, 0, '2025-04-27 10:16:16'),
  (20, 'mongo_jin_2l', '2028-03-02', 2, 0, '2025-04-27 10:17:17'),
  (20, 'mongo_guk_2l', '2027-07-09', 2, 0, '2025-04-27 10:18:18'),
  (20, 'sampyo_jin_2l', '2026-06-01', 3, 0, '2025-04-27 10:19:19'),
  (20, 'mongo_guk_2l', '2027-05-31', 2, 0, '2025-04-27 10:20:20'),
  (21, 'mongo_guk_1l', '2026-10-26', 1, 0, '2025-04-30 10:21:21'),
  (21, 'mongo_guk_1l', '2026-08-26', 1, 0, '2025-04-30 10:22:22'),
  (21, 'mongo_guk_2l', '2028-04-05', 2, 0, '2025-04-30 10:23:23'),
  (21, 'mongo_jin_2l', '2027-03-20', 2, 0, '2025-04-30 10:24:24'),
  (21, 'mongo_jin_1l', '2026-08-12', 1, 0, '2025-04-30 10:25:25'),
  (21, 'sampyo_jin_1l', '2027-09-10', 1, 0, '2025-04-30 10:26:26'),
  (21, 'sampyo_jin_2l', '2027-02-21', 2, 0, '2025-04-30 10:27:27'),
  (21, 'sampyo_jin_2l', '2026-08-04', 2, 0, '2025-04-30 10:28:28'),
  (21, 'mongo_jin_2l', '2026-12-10', 2, 0, '2025-04-30 10:29:29'),
  (21, 'sampyo_jin_1l', '2026-05-22', 3, 0, '2025-04-30 10:30:30'),
  (22, 'mongo_guk_1l', '2027-04-29', 1, 0, '2025-05-03 10:31:31'),
  (22, 'mongo_jin_1l', '2027-06-03', 1, 0, '2025-05-03 10:32:32'),
  (22, 'sampyo_jin_1l', '2026-09-11', 1, 0, '2025-05-03 10:33:33'),
  (22, 'mongo_guk_1l', '2027-11-13', 1, 0, '2025-05-03 10:34:34'),
  (22, 'sampyo_jin_1l', '2026-10-12', 1, 0, '2025-05-03 10:35:35'),
  (22, 'sampyo_guk_1l', '2027-08-24', 1, 0, '2025-05-03 10:36:36'),
  (22, 'sampyo_jin_2l', '2027-07-23', 2, 0, '2025-05-03 10:37:37'),
  (22, 'sampyo_guk_1l', '2027-02-10', 1, 0, '2025-05-03 10:38:38'),
  (22, 'sampyo_jin_1l', '2026-07-02', 1, 0, '2025-05-03 10:39:39'),
  (22, 'sampyo_jin_2l', '2027-08-31', 2, 0, '2025-05-03 10:40:40'),
  (23, 'mongo_jin_1l', '2026-12-03', 1, 0, '2025-05-06 10:41:41'),
  (23, 'mongo_jin_2l', '2027-03-28', 2, 0, '2025-05-06 10:42:42'),
  (23, 'sampyo_guk_1l', '2027-01-14', NULL, 1, '2025-05-06 10:43:43'),
  (23, 'mongo_jin_2l', '2028-01-30', 2, 0, '2025-05-06 10:44:44'),
  (23, 'mongo_guk_1l', '2027-01-18', 1, 0, '2025-05-06 10:45:45'),
  (23, 'mongo_guk_1l', '2026-07-20', 1, 0, '2025-05-06 10:46:46'),
  (23, 'sampyo_guk_2l', '2026-12-27', 2, 0, '2025-05-06 10:47:47'),
  (23, 'mongo_guk_1l', '2027-05-18', 1, 0, '2025-05-06 10:48:48'),
  (23, 'mongo_guk_1l', '2027-05-16', 1, 0, '2025-05-06 10:49:49'),
  (23, 'sampyo_jin_2l', '2027-10-28', 3, 0, '2025-05-06 10:50:50'),
  (24, 'mongo_jin_1l', '2027-10-19', 1, 0, '2025-05-09 10:51:51'),
  (24, 'mongo_guk_1l', '2027-05-01', 1, 0, '2025-05-09 10:52:52'),
  (24, 'mongo_guk_2l', '2027-10-16', 2, 0, '2025-05-09 10:53:53'),
  (24, 'mongo_jin_1l', '2027-12-30', 1, 0, '2025-05-09 10:54:54'),
  (24, 'mongo_guk_2l', '2026-07-31', 2, 0, '2025-05-09 10:55:55'),
  (24, 'mongo_guk_2l', '2026-07-09', 3, 0, '2025-05-09 10:56:56'),
  (24, 'mongo_jin_2l', '2027-03-14', 2, 0, '2025-05-09 10:57:57'),
  (24, 'sampyo_jin_1l', '2027-04-10', 1, 0, '2025-05-09 10:58:58'),
  (24, 'mongo_guk_2l', '2026-10-21', 2, 0, '2025-05-09 10:59:59'),
  (24, 'mongo_jin_2l', '2027-05-17', 2, 0, '2025-05-09 10:00:00'),
  (25, 'mongo_guk_1l', '2026-05-17', 1, 0, '2025-05-12 10:01:01'),
  (25, 'mongo_guk_2l', '2028-03-31', NULL, 1, '2025-05-12 10:02:02'),
  (25, 'sampyo_jin_1l', '2027-07-30', 1, 0, '2025-05-12 10:03:03'),
  (25, 'sampyo_guk_2l', '2026-08-31', 2, 0, '2025-05-12 10:04:04'),
  (25, 'sampyo_guk_1l', '2027-09-10', 1, 0, '2025-05-12 10:05:05'),
  (25, 'mongo_jin_2l', '2027-12-19', 3, 0, '2025-05-12 10:06:06'),
  (25, 'sampyo_guk_2l', '2027-05-08', 2, 0, '2025-05-12 10:07:07'),
  (25, 'mongo_jin_2l', '2028-04-27', 2, 0, '2025-05-12 10:08:08'),
  (25, 'sampyo_guk_1l', '2027-11-29', 1, 0, '2025-05-12 10:09:09'),
  (25, 'sampyo_jin_1l', '2027-09-04', 1, 0, '2025-05-12 10:10:10'),
  (26, 'mongo_jin_1l', '2028-03-26', 1, 0, '2025-05-15 10:11:11'),
  (26, 'sampyo_guk_1l', '2027-07-31', 1, 0, '2025-05-15 10:12:12'),
  (26, 'sampyo_jin_2l', '2027-04-13', 2, 0, '2025-05-15 10:13:13'),
  (26, 'sampyo_guk_2l', '2026-07-22', 2, 0, '2025-05-15 10:14:14'),
  (26, 'mongo_guk_2l', '2027-11-19', 2, 0, '2025-05-15 10:15:15'),
  (26, 'mongo_guk_1l', '2028-04-12', 1, 0, '2025-05-15 10:16:16'),
  (26, 'sampyo_jin_2l', '2028-01-05', 2, 0, '2025-05-15 10:17:17'),
  (26, 'mongo_guk_2l', '2027-07-30', NULL, 1, '2025-05-15 10:18:18'),
  (26, 'mongo_guk_2l', '2028-02-01', 2, 0, '2025-05-15 10:19:19'),
  (26, 'mongo_jin_2l', '2027-11-14', 2, 0, '2025-05-15 10:20:20'),
  (27, 'sampyo_guk_1l', '2028-04-08', 1, 0, '2025-05-18 10:21:21'),
  (27, 'mongo_jin_1l', '2027-08-05', 3, 0, '2025-05-18 10:22:22'),
  (27, 'sampyo_guk_2l', '2028-01-05', 2, 0, '2025-05-18 10:23:23'),
  (27, 'mongo_guk_2l', '2027-04-25', 2, 0, '2025-05-18 10:24:24'),
  (27, 'mongo_jin_2l', '2028-02-27', 3, 0, '2025-05-18 10:25:25'),
  (27, 'sampyo_guk_2l', '2027-11-08', 2, 0, '2025-05-18 10:26:26'),
  (27, 'sampyo_guk_1l', '2026-07-22', 1, 0, '2025-05-18 10:27:27'),
  (27, 'mongo_jin_1l', '2027-06-26', 1, 0, '2025-05-18 10:28:28'),
  (27, 'sampyo_jin_2l', '2026-09-03', 2, 0, '2025-05-18 10:29:29'),
  (27, 'sampyo_guk_1l', '2026-10-26', 1, 0, '2025-05-18 10:30:30'),
  (28, 'mongo_guk_1l', '2027-12-18', 1, 0, '2025-05-21 10:31:31'),
  (28, 'sampyo_guk_1l', '2028-04-23', 1, 0, '2025-05-21 10:32:32'),
  (28, 'mongo_guk_2l', '2028-03-23', 2, 0, '2025-05-21 10:33:33'),
  (28, 'mongo_jin_1l', '2026-10-30', 3, 0, '2025-05-21 10:34:34'),
  (28, 'sampyo_guk_1l', '2028-02-08', 1, 0, '2025-05-21 10:35:35'),
  (28, 'mongo_guk_2l', '2027-04-21', 2, 0, '2025-05-21 10:36:36'),
  (28, 'mongo_guk_2l', '2026-09-25', 2, 0, '2025-05-21 10:37:37'),
  (28, 'mongo_jin_1l', '2027-09-28', 1, 0, '2025-05-21 10:38:38'),
  (28, 'sampyo_guk_1l', '2027-03-29', 1, 0, '2025-05-21 10:39:39'),
  (28, 'sampyo_guk_1l', '2028-04-08', 1, 0, '2025-05-21 10:40:40'),
  (29, 'mongo_jin_2l', '2028-03-10', 2, 0, '2025-05-24 10:41:41'),
  (29, 'sampyo_guk_2l', '2027-08-09', 2, 0, '2025-05-24 10:42:42'),
  (29, 'mongo_jin_2l', '2026-12-09', 2, 0, '2025-05-24 10:43:43'),
  (29, 'sampyo_guk_1l', '2027-01-31', 1, 0, '2025-05-24 10:44:44'),
  (29, 'sampyo_jin_2l', '2027-01-30', 2, 0, '2025-05-24 10:45:45'),
  (29, 'sampyo_guk_1l', '2028-03-22', 1, 0, '2025-05-24 10:46:46'),
  (29, 'mongo_guk_1l', '2028-03-22', 1, 0, '2025-05-24 10:47:47'),
  (29, 'mongo_guk_2l', '2027-08-05', 2, 0, '2025-05-24 10:48:48'),
  (29, 'sampyo_jin_1l', '2028-04-08', 1, 0, '2025-05-24 10:49:49'),
  (29, 'sampyo_guk_1l', '2026-08-03', 1, 0, '2025-05-24 10:50:50'),
  (30, 'mongo_guk_1l', '2027-10-09', 1, 0, '2025-05-27 10:51:51'),
  (30, 'mongo_guk_1l', '2027-05-10', 1, 0, '2025-05-27 10:52:52'),
  (30, 'sampyo_guk_2l', '2026-08-28', 2, 0, '2025-05-27 10:53:53'),
  (30, 'mongo_jin_1l', '2027-01-20', 1, 0, '2025-05-27 10:54:54'),
  (30, 'sampyo_guk_1l', '2026-06-20', 1, 0, '2025-05-27 10:55:55'),
  (30, 'mongo_jin_1l', '2027-06-27', 1, 0, '2025-05-27 10:56:56'),
  (30, 'sampyo_jin_2l', '2027-08-04', 2, 0, '2025-05-27 10:57:57'),
  (30, 'sampyo_jin_1l', '2027-10-04', 1, 0, '2025-05-27 10:58:58'),
  (30, 'mongo_guk_1l', '2027-10-28', 1, 0, '2025-05-27 10:59:59'),
  (30, 'mongo_guk_2l', '2026-08-19', 2, 0, '2025-05-27 10:00:00'),
  (31, 'mongo_guk_2l', '2028-04-28', 3, 0, '2025-05-30 10:01:01'),
  (31, 'mongo_jin_1l', '2026-12-05', 1, 0, '2025-05-30 10:02:02'),
  (31, 'mongo_guk_1l', '2027-09-26', 3, 0, '2025-05-30 10:03:03'),
  (31, 'sampyo_guk_2l', '2026-11-25', 2, 0, '2025-05-30 10:04:04'),
  (31, 'mongo_jin_1l', '2027-05-29', 3, 0, '2025-05-30 10:05:05'),
  (31, 'sampyo_jin_1l', '2027-07-28', 1, 0, '2025-05-30 10:06:06'),
  (31, 'mongo_jin_1l', '2026-08-19', 3, 0, '2025-05-30 10:07:07'),
  (31, 'mongo_guk_1l', '2027-10-16', NULL, 1, '2025-05-30 10:08:08'),
  (31, 'sampyo_guk_1l', '2026-09-09', 1, 0, '2025-05-30 10:09:09'),
  (31, 'sampyo_guk_2l', '2027-08-01', 2, 0, '2025-05-30 10:10:10'),
  (32, 'mongo_guk_1l', '2026-10-22', 1, 0, '2025-06-02 10:11:11'),
  (32, 'sampyo_guk_2l', '2027-01-20', 2, 0, '2025-06-02 10:12:12'),
  (32, 'mongo_jin_2l', '2028-01-22', 2, 0, '2025-06-02 10:13:13'),
  (32, 'mongo_jin_2l', '2026-07-01', 3, 0, '2025-06-02 10:14:14'),
  (32, 'mongo_guk_2l', '2026-11-24', 2, 0, '2025-06-02 10:15:15'),
  (32, 'sampyo_guk_2l', '2028-04-10', 2, 0, '2025-06-02 10:16:16'),
  (32, 'sampyo_jin_1l', '2026-05-09', 1, 0, '2025-06-02 10:17:17'),
  (32, 'mongo_jin_1l', '2026-09-27', 1, 0, '2025-06-02 10:18:18'),
  (32, 'mongo_jin_2l', '2026-09-28', 2, 0, '2025-06-02 10:19:19'),
  (32, 'mongo_jin_1l', '2026-05-08', 1, 0, '2025-06-02 10:20:20'),
  (33, 'mongo_jin_1l', '2027-05-12', 1, 0, '2025-06-05 10:21:21'),
  (33, 'sampyo_jin_1l', '2026-10-08', 1, 0, '2025-06-05 10:22:22'),
  (33, 'mongo_guk_1l', '2027-01-22', 1, 0, '2025-06-05 10:23:23'),
  (33, 'mongo_jin_1l', '2026-04-10', 1, 0, '2025-06-05 10:24:24'),
  (33, 'sampyo_guk_2l', '2027-12-09', 2, 0, '2025-06-05 10:25:25'),
  (33, 'sampyo_jin_1l', '2027-03-10', 3, 0, '2025-06-05 10:26:26'),
  (33, 'mongo_jin_2l', '2028-01-17', 2, 0, '2025-06-05 10:27:27'),
  (33, 'sampyo_guk_1l', '2027-08-19', 1, 0, '2025-06-05 10:28:28'),
  (33, 'mongo_jin_1l', '2026-08-16', 1, 0, '2025-06-05 10:29:29'),
  (33, 'mongo_guk_2l', '2027-07-24', 2, 0, '2025-06-05 10:30:30'),
  (34, 'sampyo_jin_1l', '2026-07-25', 1, 0, '2025-06-08 10:31:31'),
  (34, 'mongo_guk_1l', '2028-04-18', 1, 0, '2025-06-08 10:32:32'),
  (34, 'sampyo_jin_2l', '2026-12-20', 2, 0, '2025-06-08 10:33:33'),
  (34, 'mongo_jin_2l', '2026-04-15', 2, 0, '2025-06-08 10:34:34'),
  (34, 'mongo_jin_2l', '2027-01-28', 2, 0, '2025-06-08 10:35:35'),
  (34, 'sampyo_jin_2l', '2026-10-15', 2, 0, '2025-06-08 10:36:36'),
  (34, 'sampyo_guk_2l', '2028-01-15', 2, 0, '2025-06-08 10:37:37'),
  (34, 'sampyo_guk_1l', '2027-06-12', 1, 0, '2025-06-08 10:38:38'),
  (34, 'mongo_jin_2l', '2026-06-28', 2, 0, '2025-06-08 10:39:39'),
  (34, 'mongo_jin_2l', '2026-07-07', 2, 0, '2025-06-08 10:40:40'),
  (35, 'mongo_guk_1l', '2026-08-22', 1, 0, '2025-06-11 10:41:41'),
  (35, 'mongo_jin_2l', '2026-12-11', 2, 0, '2025-06-11 10:42:42'),
  (35, 'sampyo_jin_1l', '2027-04-28', NULL, 1, '2025-06-11 10:43:43'),
  (35, 'sampyo_guk_2l', '2026-12-30', 2, 0, '2025-06-11 10:44:44'),
  (35, 'sampyo_guk_1l', '2027-02-04', 1, 0, '2025-06-11 10:45:45'),
  (35, 'mongo_guk_2l', '2027-11-08', 2, 0, '2025-06-11 10:46:46'),
  (35, 'sampyo_guk_1l', '2028-01-30', NULL, 1, '2025-06-11 10:47:47'),
  (35, 'sampyo_guk_2l', '2026-11-28', 2, 0, '2025-06-11 10:48:48'),
  (35, 'sampyo_jin_1l', '2026-07-31', 3, 0, '2025-06-11 10:49:49'),
  (35, 'sampyo_guk_2l', '2026-09-11', 2, 0, '2025-06-11 10:50:50'),
  (36, 'mongo_guk_1l', '2027-08-28', 1, 0, '2025-06-14 10:51:51'),
  (36, 'mongo_guk_2l', '2028-03-21', 2, 0, '2025-06-14 10:52:52'),
  (36, 'sampyo_guk_1l', '2028-03-07', 1, 0, '2025-06-14 10:53:53'),
  (36, 'mongo_jin_1l', '2027-01-28', 3, 0, '2025-06-14 10:54:54'),
  (36, 'sampyo_guk_1l', '2026-11-13', 1, 0, '2025-06-14 10:55:55'),
  (36, 'mongo_guk_1l', '2026-08-15', 1, 0, '2025-06-14 10:56:56'),
  (36, 'mongo_guk_2l', '2027-07-10', 2, 0, '2025-06-14 10:57:57'),
  (36, 'sampyo_jin_1l', '2027-12-12', 1, 0, '2025-06-14 10:58:58'),
  (36, 'sampyo_guk_2l', '2028-03-19', 2, 0, '2025-06-14 10:59:59'),
  (36, 'sampyo_guk_2l', '2027-07-27', 2, 0, '2025-06-14 10:00:00'),
  (37, 'sampyo_jin_1l', '2028-02-10', 1, 0, '2025-06-17 10:01:01'),
  (37, 'mongo_guk_2l', '2026-12-10', 2, 0, '2025-06-17 10:02:02'),
  (37, 'sampyo_jin_1l', '2027-12-02', 1, 0, '2025-06-17 10:03:03'),
  (37, 'mongo_jin_2l', '2026-06-23', 2, 0, '2025-06-17 10:04:04'),
  (37, 'sampyo_guk_1l', '2027-09-23', 1, 0, '2025-06-17 10:05:05'),
  (37, 'mongo_guk_1l', '2026-06-19', 1, 0, '2025-06-17 10:06:06'),
  (37, 'sampyo_jin_1l', '2026-07-24', 1, 0, '2025-06-17 10:07:07'),
  (37, 'mongo_guk_1l', '2027-10-13', 3, 0, '2025-06-17 10:08:08'),
  (37, 'mongo_jin_2l', '2026-10-25', 2, 0, '2025-06-17 10:09:09'),
  (37, 'sampyo_guk_2l', '2026-09-01', 2, 0, '2025-06-17 10:10:10'),
  (38, 'sampyo_jin_1l', '2027-09-15', 1, 0, '2025-06-20 10:11:11'),
  (38, 'mongo_guk_2l', '2028-02-26', 2, 0, '2025-06-20 10:12:12'),
  (38, 'sampyo_guk_2l', '2027-11-19', 2, 0, '2025-06-20 10:13:13'),
  (38, 'sampyo_guk_2l', '2027-09-05', 2, 0, '2025-06-20 10:14:14'),
  (38, 'mongo_guk_2l', '2026-05-27', 2, 0, '2025-06-20 10:15:15'),
  (38, 'sampyo_guk_1l', '2027-09-08', 1, 0, '2025-06-20 10:16:16'),
  (38, 'sampyo_guk_1l', '2027-10-30', 1, 0, '2025-06-20 10:17:17'),
  (38, 'sampyo_jin_1l', '2027-07-18', 3, 0, '2025-06-20 10:18:18'),
  (38, 'sampyo_guk_2l', '2027-02-10', 2, 0, '2025-06-20 10:19:19'),
  (38, 'sampyo_jin_1l', '2027-05-11', 1, 0, '2025-06-20 10:20:20'),
  (39, 'sampyo_guk_1l', '2026-04-04', 1, 0, '2025-06-23 10:21:21'),
  (39, 'mongo_jin_1l', '2027-11-14', 1, 0, '2025-06-23 10:22:22'),
  (39, 'mongo_jin_2l', '2027-06-08', 3, 0, '2025-06-23 10:23:23'),
  (39, 'sampyo_jin_1l', '2026-06-05', 1, 0, '2025-06-23 10:24:24'),
  (39, 'sampyo_jin_1l', '2026-06-01', 1, 0, '2025-06-23 10:25:25'),
  (39, 'mongo_jin_1l', '2026-06-10', 1, 0, '2025-06-23 10:26:26'),
  (39, 'sampyo_guk_1l', '2027-07-28', 1, 0, '2025-06-23 10:27:27'),
  (39, 'sampyo_jin_1l', '2027-05-24', NULL, 1, '2025-06-23 10:28:28'),
  (39, 'mongo_guk_1l', '2026-08-17', 1, 0, '2025-06-23 10:29:29'),
  (39, 'sampyo_guk_1l', '2028-04-16', 1, 0, '2025-06-23 10:30:30'),
  (40, 'sampyo_guk_1l', '2027-06-05', 1, 0, '2025-06-26 10:31:31'),
  (40, 'mongo_jin_2l', '2027-04-27', 2, 0, '2025-06-26 10:32:32'),
  (40, 'sampyo_jin_1l', '2027-04-22', 1, 0, '2025-06-26 10:33:33'),
  (40, 'sampyo_guk_2l', '2028-02-29', 2, 0, '2025-06-26 10:34:34'),
  (40, 'sampyo_jin_2l', '2027-10-05', 2, 0, '2025-06-26 10:35:35'),
  (40, 'sampyo_jin_2l', '2027-03-23', 3, 0, '2025-06-26 10:36:36'),
  (40, 'sampyo_jin_2l', '2027-10-03', 3, 0, '2025-06-26 10:37:37'),
  (40, 'mongo_jin_2l', '2026-08-09', 2, 0, '2025-06-26 10:38:38'),
  (40, 'sampyo_jin_2l', '2026-11-15', 2, 0, '2025-06-26 10:39:39'),
  (40, 'mongo_jin_1l', '2026-04-24', 1, 0, '2025-06-26 10:40:40'),
  (41, 'mongo_guk_2l', '2027-07-19', 2, 0, '2025-06-29 10:41:41'),
  (41, 'sampyo_guk_1l', '2027-10-10', 1, 0, '2025-06-29 10:42:42'),
  (41, 'sampyo_guk_2l', '2027-04-24', 2, 0, '2025-06-29 10:43:43'),
  (41, 'mongo_guk_2l', '2026-12-10', 2, 0, '2025-06-29 10:44:44'),
  (41, 'mongo_jin_2l', '2026-09-06', 2, 0, '2025-06-29 10:45:45'),
  (41, 'sampyo_guk_1l', '2028-04-12', 1, 0, '2025-06-29 10:46:46'),
  (41, 'mongo_jin_2l', '2026-05-03', 2, 0, '2025-06-29 10:47:47'),
  (41, 'mongo_jin_2l', '2027-06-04', 2, 0, '2025-06-29 10:48:48'),
  (41, 'mongo_jin_1l', '2026-04-17', 1, 0, '2025-06-29 10:49:49'),
  (41, 'mongo_guk_1l', '2026-06-08', 1, 0, '2025-06-29 10:50:50'),
  (42, 'mongo_guk_1l', '2026-05-05', 3, 0, '2025-07-02 10:51:51'),
  (42, 'mongo_jin_2l', '2028-02-18', 2, 0, '2025-07-02 10:52:52'),
  (42, 'sampyo_jin_2l', '2026-05-20', 2, 0, '2025-07-02 10:53:53'),
  (42, 'mongo_guk_2l', '2026-05-16', 2, 0, '2025-07-02 10:54:54'),
  (42, 'sampyo_jin_2l', '2026-11-26', 2, 0, '2025-07-02 10:55:55'),
  (42, 'sampyo_jin_1l', '2026-05-28', 1, 0, '2025-07-02 10:56:56'),
  (42, 'mongo_jin_2l', '2027-01-22', 3, 0, '2025-07-02 10:57:57'),
  (42, 'sampyo_jin_1l', '2028-04-19', 1, 0, '2025-07-02 10:58:58'),
  (42, 'sampyo_jin_2l', '2027-11-13', 2, 0, '2025-07-02 10:59:59'),
  (42, 'sampyo_jin_1l', '2028-02-18', 1, 0, '2025-07-02 10:00:00'),
  (43, 'mongo_jin_2l', '2026-11-29', 2, 0, '2025-07-05 10:01:01'),
  (43, 'mongo_jin_1l', '2026-08-25', 1, 0, '2025-07-05 10:02:02'),
  (43, 'mongo_guk_1l', '2027-09-16', 1, 0, '2025-07-05 10:03:03'),
  (43, 'mongo_guk_2l', '2027-02-02', 2, 0, '2025-07-05 10:04:04'),
  (43, 'sampyo_jin_1l', '2027-10-23', 1, 0, '2025-07-05 10:05:05'),
  (43, 'mongo_jin_2l', '2028-04-22', 2, 0, '2025-07-05 10:06:06'),
  (43, 'mongo_jin_1l', '2028-01-02', 1, 0, '2025-07-05 10:07:07'),
  (43, 'sampyo_jin_2l', '2027-10-22', 2, 0, '2025-07-05 10:08:08'),
  (43, 'mongo_guk_1l', '2027-03-19', 1, 0, '2025-07-05 10:09:09'),
  (43, 'mongo_jin_2l', '2028-02-17', 2, 0, '2025-07-05 10:10:10'),
  (44, 'mongo_guk_2l', '2027-09-20', 2, 0, '2025-07-08 10:11:11'),
  (44, 'sampyo_jin_2l', '2027-06-01', 2, 0, '2025-07-08 10:12:12'),
  (44, 'mongo_jin_1l', '2027-02-02', 1, 0, '2025-07-08 10:13:13'),
  (44, 'sampyo_jin_2l', '2027-10-03', 2, 0, '2025-07-08 10:14:14'),
  (44, 'sampyo_guk_2l', '2026-11-17', 2, 0, '2025-07-08 10:15:15'),
  (44, 'sampyo_jin_2l', '2028-03-25', 2, 0, '2025-07-08 10:16:16'),
  (44, 'sampyo_jin_1l', '2027-07-19', 3, 0, '2025-07-08 10:17:17'),
  (44, 'sampyo_jin_2l', '2027-10-28', 2, 0, '2025-07-08 10:18:18'),
  (44, 'mongo_jin_1l', '2027-06-01', 1, 0, '2025-07-08 10:19:19'),
  (44, 'sampyo_jin_2l', '2026-08-16', 2, 0, '2025-07-08 10:20:20'),
  (45, 'sampyo_jin_2l', '2026-12-18', 2, 0, '2025-07-11 10:21:21'),
  (45, 'sampyo_guk_1l', '2028-01-23', 1, 0, '2025-07-11 10:22:22'),
  (45, 'mongo_jin_2l', '2027-07-05', 3, 0, '2025-07-11 10:23:23'),
  (45, 'sampyo_guk_1l', '2026-07-04', 1, 0, '2025-07-11 10:24:24'),
  (45, 'sampyo_jin_2l', '2026-10-13', 2, 0, '2025-07-11 10:25:25'),
  (45, 'mongo_jin_2l', '2027-04-22', 3, 0, '2025-07-11 10:26:26'),
  (45, 'sampyo_guk_1l', '2027-12-09', 1, 0, '2025-07-11 10:27:27'),
  (45, 'sampyo_jin_2l', '2026-06-14', NULL, 1, '2025-07-11 10:28:28'),
  (45, 'mongo_guk_2l', '2027-11-23', 2, 0, '2025-07-11 10:29:29'),
  (45, 'sampyo_guk_1l', '2027-10-25', 1, 0, '2025-07-11 10:30:30'),
  (46, 'mongo_jin_2l', '2026-10-31', 2, 0, '2025-07-14 10:31:31'),
  (46, 'sampyo_guk_1l', '2027-03-07', 1, 0, '2025-07-14 10:32:32'),
  (46, 'sampyo_guk_2l', '2026-04-16', 2, 0, '2025-07-14 10:33:33'),
  (46, 'sampyo_guk_2l', '2026-10-12', 2, 0, '2025-07-14 10:34:34'),
  (46, 'mongo_guk_2l', '2026-07-30', 2, 0, '2025-07-14 10:35:35'),
  (46, 'mongo_jin_1l', '2027-08-04', 1, 0, '2025-07-14 10:36:36'),
  (46, 'mongo_jin_1l', '2028-03-13', 1, 0, '2025-07-14 10:37:37'),
  (46, 'mongo_jin_2l', '2026-10-27', 2, 0, '2025-07-14 10:38:38'),
  (46, 'sampyo_jin_1l', '2026-12-02', 1, 0, '2025-07-14 10:39:39'),
  (46, 'mongo_jin_1l', '2027-01-15', 1, 0, '2025-07-14 10:40:40'),
  (47, 'mongo_jin_2l', '2027-09-29', 2, 0, '2025-07-17 10:41:41'),
  (47, 'mongo_guk_2l', '2027-02-10', 2, 0, '2025-07-17 10:42:42'),
  (47, 'sampyo_jin_1l', '2027-09-08', 1, 0, '2025-07-17 10:43:43'),
  (47, 'sampyo_jin_1l', '2027-07-22', 1, 0, '2025-07-17 10:44:44'),
  (47, 'sampyo_guk_2l', '2028-04-09', 3, 0, '2025-07-17 10:45:45'),
  (47, 'sampyo_jin_2l', '2027-02-22', 2, 0, '2025-07-17 10:46:46'),
  (47, 'sampyo_jin_1l', '2027-04-15', 1, 0, '2025-07-17 10:47:47'),
  (47, 'mongo_guk_1l', '2026-05-17', 1, 0, '2025-07-17 10:48:48'),
  (47, 'mongo_jin_2l', '2026-11-13', 2, 0, '2025-07-17 10:49:49'),
  (47, 'sampyo_jin_1l', '2026-04-17', 1, 0, '2025-07-17 10:50:50'),
  (48, 'sampyo_jin_1l', '2027-11-20', 1, 0, '2025-07-20 10:51:51'),
  (48, 'mongo_guk_1l', '2027-06-02', 1, 0, '2025-07-20 10:52:52'),
  (48, 'sampyo_jin_1l', '2026-10-18', 1, 0, '2025-07-20 10:53:53'),
  (48, 'sampyo_jin_2l', '2027-04-24', 2, 0, '2025-07-20 10:54:54'),
  (48, 'mongo_guk_1l', '2026-12-08', 1, 0, '2025-07-20 10:55:55'),
  (48, 'sampyo_guk_2l', '2028-01-31', 2, 0, '2025-07-20 10:56:56'),
  (48, 'sampyo_guk_1l', '2027-03-12', 1, 0, '2025-07-20 10:57:57'),
  (48, 'sampyo_jin_1l', '2027-08-14', 1, 0, '2025-07-20 10:58:58'),
  (48, 'sampyo_jin_1l', '2028-01-18', 1, 0, '2025-07-20 10:59:59'),
  (48, 'mongo_jin_2l', '2027-07-16', 2, 0, '2025-07-20 10:00:00'),
  (49, 'sampyo_jin_2l', '2027-03-27', 2, 0, '2025-07-23 10:01:01'),
  (49, 'mongo_jin_2l', '2028-04-07', 2, 0, '2025-07-23 10:02:02'),
  (49, 'sampyo_guk_1l', '2026-10-06', 1, 0, '2025-07-23 10:03:03'),
  (49, 'sampyo_jin_1l', '2027-10-08', 1, 0, '2025-07-23 10:04:04'),
  (49, 'sampyo_jin_2l', '2026-05-31', 2, 0, '2025-07-23 10:05:05'),
  (49, 'mongo_guk_1l', '2026-06-16', 1, 0, '2025-07-23 10:06:06'),
  (49, 'sampyo_jin_1l', '2028-02-14', 1, 0, '2025-07-23 10:07:07'),
  (49, 'sampyo_guk_2l', '2026-04-07', NULL, 1, '2025-07-23 10:08:08'),
  (49, 'sampyo_jin_1l', '2028-01-06', 1, 0, '2025-07-23 10:09:09'),
  (49, 'mongo_jin_1l', '2028-03-25', 1, 0, '2025-07-23 10:10:10'),
  (50, 'sampyo_jin_2l', '2026-11-10', 3, 0, '2025-07-26 10:11:11'),
  (50, 'mongo_jin_1l', '2027-04-18', 1, 0, '2025-07-26 10:12:12'),
  (50, 'mongo_guk_1l', '2028-01-14', 3, 0, '2025-07-26 10:13:13'),
  (50, 'sampyo_jin_1l', '2027-12-23', 1, 0, '2025-07-26 10:14:14'),
  (50, 'mongo_guk_1l', '2028-02-05', 1, 0, '2025-07-26 10:15:15'),
  (50, 'mongo_guk_2l', '2026-04-07', 2, 0, '2025-07-26 10:16:16'),
  (50, 'sampyo_jin_1l', '2027-05-27', 1, 0, '2025-07-26 10:17:17'),
  (50, 'mongo_jin_1l', '2027-09-25', NULL, 1, '2025-07-26 10:18:18'),
  (50, 'sampyo_jin_2l', '2027-10-01', 2, 0, '2025-07-26 10:19:19'),
  (50, 'mongo_jin_1l', '2026-04-18', 1, 0, '2025-07-26 10:20:20'),
  (51, 'mongo_guk_1l', '2028-03-15', 1, 0, '2025-07-29 10:21:21'),
  (51, 'sampyo_guk_1l', '2026-10-01', 1, 0, '2025-07-29 10:22:22'),
  (51, 'sampyo_jin_1l', '2026-07-08', 3, 0, '2025-07-29 10:23:23'),
  (51, 'sampyo_guk_2l', '2026-12-03', 2, 0, '2025-07-29 10:24:24'),
  (51, 'mongo_jin_2l', '2027-09-22', 2, 0, '2025-07-29 10:25:25'),
  (51, 'sampyo_jin_2l', '2027-03-29', 2, 0, '2025-07-29 10:26:26'),
  (51, 'sampyo_guk_2l', '2027-05-12', 2, 0, '2025-07-29 10:27:27'),
  (51, 'sampyo_guk_2l', '2027-05-21', 3, 0, '2025-07-29 10:28:28'),
  (51, 'sampyo_jin_1l', '2026-12-06', 1, 0, '2025-07-29 10:29:29'),
  (51, 'sampyo_guk_1l', '2026-11-18', 1, 0, '2025-07-29 10:30:30'),
  (52, 'sampyo_jin_1l', '2026-06-22', 1, 0, '2025-08-01 10:31:31'),
  (52, 'sampyo_guk_1l', '2028-01-26', 1, 0, '2025-08-01 10:32:32'),
  (52, 'mongo_guk_2l', '2026-07-05', 2, 0, '2025-08-01 10:33:33'),
  (52, 'sampyo_jin_2l', '2027-04-22', 2, 0, '2025-08-01 10:34:34'),
  (52, 'mongo_guk_1l', '2026-05-28', 1, 0, '2025-08-01 10:35:35'),
  (52, 'mongo_guk_1l', '2028-03-20', 1, 0, '2025-08-01 10:36:36'),
  (52, 'sampyo_guk_2l', '2027-08-25', 2, 0, '2025-08-01 10:37:37'),
  (52, 'mongo_jin_2l', '2028-01-21', 2, 0, '2025-08-01 10:38:38'),
  (52, 'mongo_guk_2l', '2027-11-01', 2, 0, '2025-08-01 10:39:39'),
  (52, 'mongo_guk_1l', '2026-07-07', 1, 0, '2025-08-01 10:40:40'),
  (53, 'mongo_guk_1l', '2026-05-14', 1, 0, '2025-08-04 10:41:41'),
  (53, 'mongo_jin_2l', '2028-03-09', 2, 0, '2025-08-04 10:42:42'),
  (53, 'mongo_jin_2l', '2027-07-31', 2, 0, '2025-08-04 10:43:43'),
  (53, 'mongo_guk_1l', '2026-06-16', 1, 0, '2025-08-04 10:44:44'),
  (53, 'mongo_jin_1l', '2027-01-13', 1, 0, '2025-08-04 10:45:45'),
  (53, 'mongo_jin_2l', '2027-10-30', 2, 0, '2025-08-04 10:46:46'),
  (53, 'mongo_jin_1l', '2026-10-01', 1, 0, '2025-08-04 10:47:47'),
  (53, 'sampyo_jin_2l', '2027-02-17', 2, 0, '2025-08-04 10:48:48'),
  (53, 'mongo_guk_2l', '2026-10-30', NULL, 1, '2025-08-04 10:49:49'),
  (53, 'mongo_jin_2l', '2028-03-30', 2, 0, '2025-08-04 10:50:50'),
  (54, 'sampyo_jin_2l', '2026-06-18', 2, 0, '2025-08-07 10:51:51'),
  (54, 'sampyo_guk_1l', '2027-10-30', 1, 0, '2025-08-07 10:52:52'),
  (54, 'sampyo_guk_2l', '2027-05-04', 2, 0, '2025-08-07 10:53:53'),
  (54, 'mongo_jin_1l', '2027-10-06', 1, 0, '2025-08-07 10:54:54'),
  (54, 'mongo_guk_2l', '2028-04-27', 2, 0, '2025-08-07 10:55:55'),
  (54, 'mongo_jin_1l', '2028-03-06', 3, 0, '2025-08-07 10:56:56'),
  (54, 'sampyo_guk_1l', '2027-08-26', 1, 0, '2025-08-07 10:57:57'),
  (54, 'mongo_guk_2l', '2027-03-21', 2, 0, '2025-08-07 10:58:58'),
  (54, 'mongo_guk_1l', '2027-06-22', 3, 0, '2025-08-07 10:59:59'),
  (54, 'sampyo_guk_1l', '2026-06-17', 1, 0, '2025-08-07 10:00:00'),
  (55, 'sampyo_jin_1l', '2027-12-20', 1, 0, '2025-08-10 10:01:01'),
  (55, 'sampyo_jin_1l', '2027-05-12', 1, 0, '2025-08-10 10:02:02'),
  (55, 'mongo_jin_2l', '2027-03-01', 2, 0, '2025-08-10 10:03:03'),
  (55, 'mongo_guk_2l', '2027-01-05', NULL, 1, '2025-08-10 10:04:04'),
  (55, 'mongo_jin_2l', '2027-07-06', 2, 0, '2025-08-10 10:05:05'),
  (55, 'mongo_guk_2l', '2027-03-31', 2, 0, '2025-08-10 10:06:06'),
  (55, 'sampyo_guk_1l', '2027-04-20', 1, 0, '2025-08-10 10:07:07'),
  (55, 'mongo_guk_2l', '2028-02-26', 2, 0, '2025-08-10 10:08:08'),
  (55, 'mongo_guk_1l', '2027-04-25', 1, 0, '2025-08-10 10:09:09'),
  (55, 'sampyo_guk_2l', '2027-12-25', 3, 0, '2025-08-10 10:10:10'),
  (56, 'sampyo_jin_1l', '2026-12-09', 1, 0, '2025-08-13 10:11:11'),
  (56, 'sampyo_guk_2l', '2026-06-24', 2, 0, '2025-08-13 10:12:12'),
  (56, 'mongo_guk_2l', '2027-04-25', 2, 0, '2025-08-13 10:13:13'),
  (56, 'sampyo_guk_2l', '2028-01-10', 2, 0, '2025-08-13 10:14:14'),
  (56, 'mongo_guk_1l', '2027-05-04', 3, 0, '2025-08-13 10:15:15'),
  (56, 'sampyo_jin_1l', '2026-07-19', 1, 0, '2025-08-13 10:16:16'),
  (56, 'sampyo_jin_2l', '2027-02-10', 3, 0, '2025-08-13 10:17:17'),
  (56, 'mongo_guk_2l', '2027-01-02', 2, 0, '2025-08-13 10:18:18'),
  (56, 'sampyo_jin_1l', '2026-06-29', 3, 0, '2025-08-13 10:19:19'),
  (56, 'sampyo_guk_2l', '2027-07-04', 2, 0, '2025-08-13 10:20:20'),
  (57, 'sampyo_jin_2l', '2027-09-07', 2, 0, '2025-08-16 10:21:21'),
  (57, 'mongo_jin_1l', '2026-04-27', 1, 0, '2025-08-16 10:22:22'),
  (57, 'sampyo_jin_1l', '2027-10-20', 3, 0, '2025-08-16 10:23:23'),
  (57, 'mongo_jin_1l', '2027-12-04', 3, 0, '2025-08-16 10:24:24'),
  (57, 'sampyo_guk_1l', '2027-04-30', 1, 0, '2025-08-16 10:25:25'),
  (57, 'sampyo_jin_2l', '2027-05-29', NULL, 1, '2025-08-16 10:26:26'),
  (57, 'sampyo_jin_2l', '2026-06-26', 2, 0, '2025-08-16 10:27:27'),
  (57, 'sampyo_jin_1l', '2027-10-25', 1, 0, '2025-08-16 10:28:28'),
  (57, 'sampyo_guk_1l', '2026-12-05', 1, 0, '2025-08-16 10:29:29'),
  (57, 'sampyo_guk_2l', '2026-09-21', 2, 0, '2025-08-16 10:30:30'),
  (58, 'mongo_jin_2l', '2026-09-21', 2, 0, '2025-08-19 10:31:31'),
  (58, 'mongo_guk_2l', '2027-02-03', 3, 0, '2025-08-19 10:32:32'),
  (58, 'sampyo_guk_1l', '2026-08-28', 1, 0, '2025-08-19 10:33:33'),
  (58, 'sampyo_jin_2l', '2027-06-20', 3, 0, '2025-08-19 10:34:34'),
  (58, 'mongo_jin_2l', '2027-02-01', 2, 0, '2025-08-19 10:35:35'),
  (58, 'sampyo_jin_2l', '2026-06-18', 2, 0, '2025-08-19 10:36:36'),
  (58, 'sampyo_jin_1l', '2026-12-09', 1, 0, '2025-08-19 10:37:37'),
  (58, 'sampyo_guk_2l', '2027-08-21', 2, 0, '2025-08-19 10:38:38'),
  (58, 'mongo_guk_1l', '2026-10-18', 1, 0, '2025-08-19 10:39:39'),
  (58, 'sampyo_jin_2l', '2026-08-17', 2, 0, '2025-08-19 10:40:40'),
  (59, 'sampyo_guk_2l', '2027-05-11', 2, 0, '2025-08-22 10:41:41'),
  (59, 'mongo_jin_1l', '2027-12-27', 1, 0, '2025-08-22 10:42:42'),
  (59, 'sampyo_jin_2l', '2027-03-04', 2, 0, '2025-08-22 10:43:43'),
  (59, 'mongo_jin_2l', '2027-06-15', 2, 0, '2025-08-22 10:44:44'),
  (59, 'sampyo_guk_2l', '2028-01-27', 2, 0, '2025-08-22 10:45:45'),
  (59, 'sampyo_guk_1l', '2026-08-18', 1, 0, '2025-08-22 10:46:46'),
  (59, 'sampyo_guk_2l', '2027-12-09', 2, 0, '2025-08-22 10:47:47'),
  (59, 'sampyo_guk_1l', '2026-10-23', 1, 0, '2025-08-22 10:48:48'),
  (59, 'sampyo_guk_1l', '2026-09-29', 1, 0, '2025-08-22 10:49:49'),
  (59, 'mongo_guk_1l', '2027-02-21', 1, 0, '2025-08-22 10:50:50'),
  (60, 'mongo_jin_2l', '2028-03-12', 2, 0, '2025-08-25 10:51:51'),
  (60, 'mongo_guk_2l', '2027-11-11', 2, 0, '2025-08-25 10:52:52'),
  (60, 'mongo_jin_2l', '2027-02-28', 2, 0, '2025-08-25 10:53:53'),
  (60, 'sampyo_jin_1l', '2027-05-08', 1, 0, '2025-08-25 10:54:54'),
  (60, 'sampyo_jin_2l', '2027-10-30', 2, 0, '2025-08-25 10:55:55'),
  (60, 'mongo_jin_2l', '2027-10-11', 2, 0, '2025-08-25 10:56:56'),
  (60, 'sampyo_jin_2l', '2027-10-16', 2, 0, '2025-08-25 10:57:57'),
  (60, 'sampyo_jin_2l', '2028-04-14', NULL, 1, '2025-08-25 10:58:58'),
  (60, 'sampyo_jin_2l', '2028-03-26', 2, 0, '2025-08-25 10:59:59'),
  (60, 'mongo_guk_1l', '2027-01-24', 1, 0, '2025-08-25 10:00:00'),
  (61, 'mongo_guk_2l', '2026-06-10', 2, 0, '2025-08-28 10:01:01'),
  (61, 'sampyo_guk_1l', '2027-05-24', 1, 0, '2025-08-28 10:02:02'),
  (61, 'mongo_jin_2l', '2026-08-21', 2, 0, '2025-08-28 10:03:03'),
  (61, 'sampyo_jin_1l', '2026-12-04', 1, 0, '2025-08-28 10:04:04'),
  (61, 'mongo_jin_2l', '2026-09-05', 2, 0, '2025-08-28 10:05:05'),
  (61, 'sampyo_guk_1l', '2027-04-22', 1, 0, '2025-08-28 10:06:06'),
  (61, 'sampyo_guk_2l', '2027-12-04', 3, 0, '2025-08-28 10:07:07'),
  (61, 'sampyo_jin_2l', '2027-05-16', 2, 0, '2025-08-28 10:08:08'),
  (61, 'sampyo_guk_2l', '2028-03-09', 2, 0, '2025-08-28 10:09:09'),
  (61, 'sampyo_jin_1l', '2026-05-08', 1, 0, '2025-08-28 10:10:10'),
  (62, 'sampyo_guk_2l', '2027-04-04', 2, 0, '2025-08-31 10:11:11'),
  (62, 'sampyo_guk_2l', '2027-10-02', 2, 0, '2025-08-31 10:12:12'),
  (62, 'sampyo_jin_2l', '2026-06-27', 2, 0, '2025-08-31 10:13:13'),
  (62, 'sampyo_guk_1l', '2026-12-11', 3, 0, '2025-08-31 10:14:14'),
  (62, 'sampyo_guk_1l', '2027-03-30', 1, 0, '2025-08-31 10:15:15'),
  (62, 'sampyo_guk_1l', '2027-12-19', 1, 0, '2025-08-31 10:16:16'),
  (62, 'mongo_jin_2l', '2028-01-21', NULL, 1, '2025-08-31 10:17:17'),
  (62, 'mongo_guk_2l', '2027-05-15', 2, 0, '2025-08-31 10:18:18'),
  (62, 'mongo_jin_2l', '2027-03-06', 2, 0, '2025-08-31 10:19:19'),
  (62, 'sampyo_guk_2l', '2027-06-15', 2, 0, '2025-08-31 10:20:20'),
  (63, 'mongo_guk_2l', '2026-07-10', 3, 0, '2025-09-03 10:21:21'),
  (63, 'mongo_jin_1l', '2027-09-05', 1, 0, '2025-09-03 10:22:22'),
  (63, 'mongo_jin_2l', '2027-10-24', 2, 0, '2025-09-03 10:23:23'),
  (63, 'mongo_jin_2l', '2027-11-11', 2, 0, '2025-09-03 10:24:24'),
  (63, 'sampyo_jin_2l', '2027-04-19', 2, 0, '2025-09-03 10:25:25'),
  (63, 'sampyo_guk_1l', '2028-02-25', 1, 0, '2025-09-03 10:26:26'),
  (63, 'sampyo_guk_1l', '2027-08-26', 1, 0, '2025-09-03 10:27:27'),
  (63, 'mongo_guk_2l', '2026-04-26', 3, 0, '2025-09-03 10:28:28'),
  (63, 'mongo_jin_2l', '2027-01-28', 2, 0, '2025-09-03 10:29:29'),
  (63, 'sampyo_guk_1l', '2026-06-27', 1, 0, '2025-09-03 10:30:30'),
  (64, 'mongo_jin_2l', '2028-04-17', 3, 0, '2025-09-06 10:31:31'),
  (64, 'sampyo_guk_2l', '2027-02-14', 3, 0, '2025-09-06 10:32:32'),
  (64, 'mongo_jin_1l', '2026-10-29', 1, 0, '2025-09-06 10:33:33'),
  (64, 'sampyo_guk_1l', '2027-03-23', 1, 0, '2025-09-06 10:34:34'),
  (64, 'mongo_guk_1l', '2027-06-23', 1, 0, '2025-09-06 10:35:35'),
  (64, 'mongo_jin_1l', '2027-07-08', 1, 0, '2025-09-06 10:36:36'),
  (64, 'sampyo_guk_1l', '2027-02-02', 1, 0, '2025-09-06 10:37:37'),
  (64, 'mongo_guk_1l', '2028-03-28', NULL, 1, '2025-09-06 10:38:38'),
  (64, 'mongo_guk_1l', '2027-03-18', 3, 0, '2025-09-06 10:39:39'),
  (64, 'sampyo_guk_1l', '2028-02-23', 1, 0, '2025-09-06 10:40:40'),
  (65, 'mongo_jin_1l', '2028-04-28', 1, 0, '2025-09-09 10:41:41'),
  (65, 'sampyo_jin_2l', '2026-09-26', 2, 0, '2025-09-09 10:42:42'),
  (65, 'mongo_guk_2l', '2027-03-05', 2, 0, '2025-09-09 10:43:43'),
  (65, 'mongo_guk_1l', '2027-07-18', 1, 0, '2025-09-09 10:44:44'),
  (65, 'sampyo_guk_1l', '2027-05-20', 1, 0, '2025-09-09 10:45:45'),
  (65, 'sampyo_jin_2l', '2026-10-08', 2, 0, '2025-09-09 10:46:46'),
  (65, 'sampyo_jin_2l', '2027-06-17', 2, 0, '2025-09-09 10:47:47'),
  (65, 'sampyo_jin_2l', '2028-04-25', 2, 0, '2025-09-09 10:48:48'),
  (65, 'sampyo_guk_2l', '2026-10-20', 2, 0, '2025-09-09 10:49:49'),
  (65, 'mongo_jin_1l', '2027-06-14', 1, 0, '2025-09-09 10:50:50'),
  (66, 'mongo_guk_1l', '2028-03-22', 1, 0, '2025-09-12 10:51:51'),
  (66, 'sampyo_guk_1l', '2027-01-11', 1, 0, '2025-09-12 10:52:52'),
  (66, 'sampyo_jin_2l', '2026-06-04', 2, 0, '2025-09-12 10:53:53'),
  (66, 'mongo_guk_2l', '2027-10-02', 2, 0, '2025-09-12 10:54:54'),
  (66, 'mongo_guk_2l', '2027-02-28', 2, 0, '2025-09-12 10:55:55'),
  (66, 'sampyo_jin_1l', '2026-07-26', 1, 0, '2025-09-12 10:56:56'),
  (66, 'sampyo_jin_2l', '2027-08-15', 2, 0, '2025-09-12 10:57:57'),
  (66, 'mongo_guk_2l', '2028-01-15', 2, 0, '2025-09-12 10:58:58'),
  (66, 'mongo_guk_1l', '2027-05-03', 1, 0, '2025-09-12 10:59:59'),
  (66, 'mongo_jin_1l', '2027-11-23', 1, 0, '2025-09-12 10:00:00'),
  (67, 'mongo_jin_1l', '2027-03-27', 3, 0, '2025-09-15 10:01:01'),
  (67, 'sampyo_guk_1l', '2027-12-24', 1, 0, '2025-09-15 10:02:02'),
  (67, 'mongo_guk_2l', '2028-02-19', 2, 0, '2025-09-15 10:03:03'),
  (67, 'mongo_jin_2l', '2027-01-30', 2, 0, '2025-09-15 10:04:04'),
  (67, 'mongo_guk_2l', '2027-11-26', 2, 0, '2025-09-15 10:05:05'),
  (67, 'sampyo_jin_1l', '2026-08-16', 3, 0, '2025-09-15 10:06:06'),
  (67, 'mongo_jin_2l', '2026-12-01', 2, 0, '2025-09-15 10:07:07'),
  (67, 'sampyo_jin_1l', '2026-10-05', 1, 0, '2025-09-15 10:08:08'),
  (67, 'sampyo_jin_2l', '2026-08-23', 2, 0, '2025-09-15 10:09:09'),
  (67, 'sampyo_jin_2l', '2027-06-03', 2, 0, '2025-09-15 10:10:10'),
  (68, 'sampyo_guk_1l', '2027-11-10', 1, 0, '2025-09-18 10:11:11'),
  (68, 'sampyo_jin_1l', '2026-10-08', 1, 0, '2025-09-18 10:12:12'),
  (68, 'sampyo_guk_1l', '2027-10-03', 1, 0, '2025-09-18 10:13:13'),
  (68, 'mongo_guk_1l', '2028-01-21', 1, 0, '2025-09-18 10:14:14'),
  (68, 'mongo_guk_2l', '2026-09-25', 2, 0, '2025-09-18 10:15:15'),
  (68, 'mongo_jin_2l', '2027-08-15', 2, 0, '2025-09-18 10:16:16'),
  (68, 'mongo_jin_2l', '2026-10-09', 2, 0, '2025-09-18 10:17:17'),
  (68, 'sampyo_guk_1l', '2027-07-06', 1, 0, '2025-09-18 10:18:18'),
  (68, 'mongo_guk_2l', '2027-04-03', 2, 0, '2025-09-18 10:19:19'),
  (68, 'mongo_jin_1l', '2027-08-10', 1, 0, '2025-09-18 10:20:20'),
  (69, 'mongo_jin_2l', '2027-04-29', 3, 0, '2025-09-21 10:21:21'),
  (69, 'mongo_jin_1l', '2027-08-31', 1, 0, '2025-09-21 10:22:22'),
  (69, 'mongo_guk_2l', '2027-05-24', 2, 0, '2025-09-21 10:23:23'),
  (69, 'mongo_jin_1l', '2027-05-31', 1, 0, '2025-09-21 10:24:24'),
  (69, 'mongo_guk_1l', '2027-06-29', 1, 0, '2025-09-21 10:25:25'),
  (69, 'sampyo_jin_1l', '2026-06-24', 1, 0, '2025-09-21 10:26:26'),
  (69, 'sampyo_jin_2l', '2026-11-12', 2, 0, '2025-09-21 10:27:27'),
  (69, 'sampyo_jin_2l', '2027-01-07', 2, 0, '2025-09-21 10:28:28'),
  (69, 'sampyo_guk_1l', '2027-01-21', 1, 0, '2025-09-21 10:29:29'),
  (69, 'mongo_guk_1l', '2027-07-13', 1, 0, '2025-09-21 10:30:30'),
  (70, 'mongo_jin_2l', '2027-08-21', 2, 0, '2025-09-24 10:31:31'),
  (70, 'sampyo_guk_1l', '2026-07-25', 1, 0, '2025-09-24 10:32:32'),
  (70, 'sampyo_guk_1l', '2026-12-31', 1, 0, '2025-09-24 10:33:33'),
  (70, 'sampyo_jin_2l', '2027-04-11', 2, 0, '2025-09-24 10:34:34'),
  (70, 'mongo_guk_2l', '2026-05-13', 2, 0, '2025-09-24 10:35:35'),
  (70, 'mongo_jin_2l', '2027-06-26', 2, 0, '2025-09-24 10:36:36'),
  (70, 'sampyo_guk_1l', '2027-06-10', 1, 0, '2025-09-24 10:37:37'),
  (70, 'mongo_jin_2l', '2028-01-30', 3, 0, '2025-09-24 10:38:38'),
  (70, 'sampyo_jin_1l', '2027-01-30', 1, 0, '2025-09-24 10:39:39'),
  (70, 'mongo_guk_2l', '2026-05-04', 2, 0, '2025-09-24 10:40:40'),
  (71, 'mongo_jin_2l', '2027-03-23', 2, 0, '2025-09-27 10:41:41'),
  (71, 'mongo_jin_1l', '2026-06-29', 1, 0, '2025-09-27 10:42:42'),
  (71, 'sampyo_guk_1l', '2026-07-30', 1, 0, '2025-09-27 10:43:43'),
  (71, 'mongo_jin_1l', '2026-11-29', 1, 0, '2025-09-27 10:44:44'),
  (71, 'mongo_guk_2l', '2028-04-25', 2, 0, '2025-09-27 10:45:45'),
  (71, 'mongo_guk_1l', '2027-03-26', 1, 0, '2025-09-27 10:46:46'),
  (71, 'mongo_jin_1l', '2027-12-16', 1, 0, '2025-09-27 10:47:47'),
  (71, 'sampyo_guk_1l', '2026-09-17', 1, 0, '2025-09-27 10:48:48'),
  (71, 'sampyo_guk_1l', '2026-10-29', 1, 0, '2025-09-27 10:49:49'),
  (71, 'sampyo_jin_2l', '2026-05-31', 2, 0, '2025-09-27 10:50:50'),
  (72, 'mongo_guk_2l', '2027-09-28', 2, 0, '2025-09-30 10:51:51'),
  (72, 'sampyo_jin_2l', '2027-10-04', 2, 0, '2025-09-30 10:52:52'),
  (72, 'sampyo_guk_1l', '2028-03-21', 1, 0, '2025-09-30 10:53:53'),
  (72, 'sampyo_jin_1l', '2027-11-08', 1, 0, '2025-09-30 10:54:54'),
  (72, 'sampyo_guk_1l', '2027-09-09', 1, 0, '2025-09-30 10:55:55'),
  (72, 'sampyo_jin_2l', '2028-02-25', 2, 0, '2025-09-30 10:56:56'),
  (72, 'sampyo_jin_2l', '2026-08-17', 2, 0, '2025-09-30 10:57:57'),
  (72, 'mongo_guk_2l', '2027-05-27', 2, 0, '2025-09-30 10:58:58'),
  (72, 'mongo_guk_1l', '2027-01-09', 1, 0, '2025-09-30 10:59:59'),
  (72, 'sampyo_jin_1l', '2026-08-08', 1, 0, '2025-09-30 10:00:00'),
  (73, 'sampyo_guk_2l', '2026-08-14', 2, 0, '2025-10-03 10:01:01'),
  (73, 'sampyo_guk_1l', '2028-03-29', 1, 0, '2025-10-03 10:02:02'),
  (73, 'mongo_guk_1l', '2026-12-10', 1, 0, '2025-10-03 10:03:03'),
  (73, 'mongo_guk_2l', '2028-02-22', 2, 0, '2025-10-03 10:04:04'),
  (73, 'mongo_jin_2l', '2026-08-24', 2, 0, '2025-10-03 10:05:05'),
  (73, 'mongo_guk_1l', '2027-01-01', 1, 0, '2025-10-03 10:06:06'),
  (73, 'sampyo_guk_1l', '2027-04-20', 1, 0, '2025-10-03 10:07:07'),
  (73, 'mongo_guk_1l', '2028-01-09', 1, 0, '2025-10-03 10:08:08'),
  (73, 'mongo_jin_1l', '2026-07-05', 1, 0, '2025-10-03 10:09:09'),
  (73, 'sampyo_jin_2l', '2027-01-10', 2, 0, '2025-10-03 10:10:10'),
  (74, 'sampyo_jin_2l', '2027-04-13', 2, 0, '2025-10-06 10:11:11'),
  (74, 'sampyo_guk_1l', '2027-08-13', 1, 0, '2025-10-06 10:12:12'),
  (74, 'mongo_jin_1l', '2026-04-03', 1, 0, '2025-10-06 10:13:13'),
  (74, 'sampyo_jin_1l', '2028-04-20', 1, 0, '2025-10-06 10:14:14'),
  (74, 'sampyo_jin_2l', '2027-07-14', 3, 0, '2025-10-06 10:15:15'),
  (74, 'mongo_guk_2l', '2028-03-15', 2, 0, '2025-10-06 10:16:16'),
  (74, 'sampyo_jin_2l', '2026-06-04', 2, 0, '2025-10-06 10:17:17'),
  (74, 'sampyo_guk_2l', '2027-05-13', 2, 0, '2025-10-06 10:18:18'),
  (74, 'sampyo_jin_1l', '2027-06-14', 1, 0, '2025-10-06 10:19:19'),
  (74, 'sampyo_guk_2l', '2027-08-20', 2, 0, '2025-10-06 10:20:20'),
  (75, 'sampyo_guk_2l', '2027-01-16', 2, 0, '2025-10-09 10:21:21'),
  (75, 'mongo_guk_2l', '2027-11-13', 2, 0, '2025-10-09 10:22:22'),
  (75, 'mongo_jin_1l', '2027-08-10', 3, 0, '2025-10-09 10:23:23'),
  (75, 'sampyo_guk_2l', '2028-02-28', 2, 0, '2025-10-09 10:24:24'),
  (75, 'sampyo_jin_1l', '2026-05-18', 1, 0, '2025-10-09 10:25:25'),
  (75, 'sampyo_jin_2l', '2027-07-15', 3, 0, '2025-10-09 10:26:26'),
  (75, 'sampyo_guk_1l', '2026-09-09', NULL, 1, '2025-10-09 10:27:27'),
  (75, 'sampyo_jin_1l', '2026-04-01', 1, 0, '2025-10-09 10:28:28'),
  (75, 'mongo_guk_1l', '2027-06-13', 1, 0, '2025-10-09 10:29:29'),
  (75, 'sampyo_jin_2l', '2028-03-06', 2, 0, '2025-10-09 10:30:30'),
  (76, 'mongo_guk_2l', '2028-01-26', 2, 0, '2025-10-12 10:31:31'),
  (76, 'sampyo_guk_2l', '2027-01-06', 2, 0, '2025-10-12 10:32:32'),
  (76, 'sampyo_guk_1l', '2027-04-05', 3, 0, '2025-10-12 10:33:33'),
  (76, 'sampyo_guk_2l', '2027-04-16', 2, 0, '2025-10-12 10:34:34'),
  (76, 'mongo_guk_2l', '2028-01-25', 2, 0, '2025-10-12 10:35:35'),
  (76, 'sampyo_jin_1l', '2027-05-11', 1, 0, '2025-10-12 10:36:36'),
  (76, 'mongo_guk_1l', '2028-04-13', 1, 0, '2025-10-12 10:37:37'),
  (76, 'sampyo_jin_2l', '2026-11-26', 2, 0, '2025-10-12 10:38:38'),
  (76, 'sampyo_jin_1l', '2026-07-03', 1, 0, '2025-10-12 10:39:39'),
  (76, 'mongo_guk_1l', '2026-04-02', 1, 0, '2025-10-12 10:40:40'),
  (77, 'mongo_jin_2l', '2026-06-19', 2, 0, '2025-10-15 10:41:41'),
  (77, 'sampyo_guk_2l', '2026-11-18', 3, 0, '2025-10-15 10:42:42'),
  (77, 'sampyo_jin_2l', '2027-06-30', 2, 0, '2025-10-15 10:43:43'),
  (77, 'sampyo_jin_2l', '2028-03-13', NULL, 1, '2025-10-15 10:44:44'),
  (77, 'mongo_guk_1l', '2026-08-02', 1, 0, '2025-10-15 10:45:45'),
  (77, 'mongo_jin_2l', '2027-06-07', 2, 0, '2025-10-15 10:46:46'),
  (77, 'sampyo_guk_1l', '2027-08-03', 1, 0, '2025-10-15 10:47:47'),
  (77, 'mongo_jin_1l', '2027-04-28', 3, 0, '2025-10-15 10:48:48'),
  (77, 'sampyo_guk_1l', '2026-07-14', 3, 0, '2025-10-15 10:49:49'),
  (77, 'sampyo_jin_2l', '2027-04-12', 3, 0, '2025-10-15 10:50:50'),
  (78, 'sampyo_jin_2l', '2026-08-19', 2, 0, '2025-10-18 10:51:51'),
  (78, 'mongo_guk_2l', '2026-08-15', 2, 0, '2025-10-18 10:52:52'),
  (78, 'mongo_guk_1l', '2028-02-23', 1, 0, '2025-10-18 10:53:53'),
  (78, 'mongo_jin_2l', '2027-09-26', 3, 0, '2025-10-18 10:54:54'),
  (78, 'mongo_jin_1l', '2027-12-16', 1, 0, '2025-10-18 10:55:55'),
  (78, 'sampyo_guk_1l', '2027-06-25', 1, 0, '2025-10-18 10:56:56'),
  (78, 'mongo_guk_1l', '2026-11-05', 1, 0, '2025-10-18 10:57:57'),
  (78, 'sampyo_jin_1l', '2026-09-03', 1, 0, '2025-10-18 10:58:58'),
  (78, 'mongo_guk_2l', '2027-12-22', 2, 0, '2025-10-18 10:59:59'),
  (78, 'mongo_jin_2l', '2026-11-09', 2, 0, '2025-10-18 10:00:00'),
  (79, 'mongo_guk_2l', '2026-07-12', 3, 0, '2025-10-21 10:01:01'),
  (79, 'sampyo_jin_2l', '2026-08-05', 3, 0, '2025-10-21 10:02:02'),
  (79, 'mongo_guk_2l', '2027-04-29', 2, 0, '2025-10-21 10:03:03'),
  (79, 'mongo_jin_1l', '2027-06-14', 1, 0, '2025-10-21 10:04:04'),
  (79, 'sampyo_jin_2l', '2026-08-22', 2, 0, '2025-10-21 10:05:05'),
  (79, 'sampyo_guk_1l', '2028-01-21', 1, 0, '2025-10-21 10:06:06'),
  (79, 'sampyo_guk_1l', '2027-10-19', 3, 0, '2025-10-21 10:07:07'),
  (79, 'sampyo_jin_1l', '2028-04-08', 1, 0, '2025-10-21 10:08:08'),
  (79, 'sampyo_jin_2l', '2028-03-08', 2, 0, '2025-10-21 10:09:09'),
  (79, 'sampyo_jin_2l', '2028-02-04', NULL, 1, '2025-10-21 10:10:10'),
  (80, 'mongo_jin_2l', '2026-10-28', 2, 0, '2025-10-24 10:11:11'),
  (80, 'sampyo_jin_2l', '2027-09-04', 2, 0, '2025-10-24 10:12:12'),
  (80, 'mongo_jin_1l', '2027-05-07', 1, 0, '2025-10-24 10:13:13'),
  (80, 'sampyo_jin_1l', '2026-05-26', 1, 0, '2025-10-24 10:14:14'),
  (80, 'mongo_jin_2l', '2026-12-02', 2, 0, '2025-10-24 10:15:15'),
  (80, 'mongo_jin_1l', '2026-07-25', 1, 0, '2025-10-24 10:16:16'),
  (80, 'mongo_guk_2l', '2028-01-14', 2, 0, '2025-10-24 10:17:17'),
  (80, 'sampyo_guk_1l', '2027-09-23', 1, 0, '2025-10-24 10:18:18'),
  (80, 'sampyo_jin_1l', '2026-04-13', 1, 0, '2025-10-24 10:19:19'),
  (80, 'sampyo_guk_2l', '2027-02-19', 2, 0, '2025-10-24 10:20:20'),
  (81, 'sampyo_guk_1l', '2027-11-04', 3, 0, '2025-10-27 10:21:21'),
  (81, 'mongo_guk_1l', '2027-10-12', 1, 0, '2025-10-27 10:22:22'),
  (81, 'sampyo_guk_1l', '2027-07-27', 1, 0, '2025-10-27 10:23:23'),
  (81, 'sampyo_guk_1l', '2026-06-14', 1, 0, '2025-10-27 10:24:24'),
  (81, 'sampyo_jin_2l', '2026-06-09', NULL, 1, '2025-10-27 10:25:25'),
  (81, 'mongo_jin_1l', '2026-11-07', NULL, 1, '2025-10-27 10:26:26'),
  (81, 'sampyo_jin_2l', '2026-06-01', NULL, 1, '2025-10-27 10:27:27'),
  (81, 'sampyo_jin_2l', '2027-05-13', 2, 0, '2025-10-27 10:28:28'),
  (81, 'sampyo_guk_2l', '2028-01-04', 2, 0, '2025-10-27 10:29:29'),
  (81, 'sampyo_guk_2l', '2027-05-31', 2, 0, '2025-10-27 10:30:30'),
  (82, 'sampyo_jin_1l', '2027-05-17', 1, 0, '2025-10-30 10:31:31'),
  (82, 'sampyo_jin_2l', '2027-10-02', 3, 0, '2025-10-30 10:32:32'),
  (82, 'sampyo_guk_2l', '2026-09-04', 2, 0, '2025-10-30 10:33:33'),
  (82, 'mongo_jin_2l', '2027-02-12', 2, 0, '2025-10-30 10:34:34'),
  (82, 'mongo_jin_2l', '2026-10-26', 3, 0, '2025-10-30 10:35:35'),
  (82, 'sampyo_jin_1l', '2026-09-07', 1, 0, '2025-10-30 10:36:36'),
  (82, 'mongo_jin_2l', '2027-05-06', 2, 0, '2025-10-30 10:37:37'),
  (82, 'sampyo_jin_1l', '2028-01-26', 1, 0, '2025-10-30 10:38:38'),
  (82, 'mongo_guk_1l', '2026-06-07', 1, 0, '2025-10-30 10:39:39'),
  (82, 'sampyo_guk_2l', '2027-06-22', 2, 0, '2025-10-30 10:40:40'),
  (83, 'sampyo_jin_2l', '2026-12-01', 2, 0, '2025-11-02 10:41:41'),
  (83, 'sampyo_jin_1l', '2026-06-28', 3, 0, '2025-11-02 10:42:42'),
  (83, 'sampyo_jin_1l', '2026-07-28', 1, 0, '2025-11-02 10:43:43'),
  (83, 'mongo_jin_1l', '2027-12-15', 1, 0, '2025-11-02 10:44:44'),
  (83, 'sampyo_jin_2l', '2028-02-12', 3, 0, '2025-11-02 10:45:45'),
  (83, 'mongo_guk_1l', '2028-04-28', 1, 0, '2025-11-02 10:46:46'),
  (83, 'mongo_jin_1l', '2026-04-13', 1, 0, '2025-11-02 10:47:47'),
  (83, 'sampyo_guk_2l', '2028-03-19', 2, 0, '2025-11-02 10:48:48'),
  (83, 'mongo_guk_2l', '2027-08-22', NULL, 1, '2025-11-02 10:49:49'),
  (83, 'sampyo_jin_2l', '2027-09-18', 2, 0, '2025-11-02 10:50:50'),
  (84, 'mongo_guk_2l', '2028-04-08', 2, 0, '2025-11-05 10:51:51'),
  (84, 'sampyo_jin_2l', '2027-04-16', 2, 0, '2025-11-05 10:52:52'),
  (84, 'mongo_guk_1l', '2027-01-01', 3, 0, '2025-11-05 10:53:53'),
  (84, 'mongo_jin_1l', '2026-07-30', 1, 0, '2025-11-05 10:54:54'),
  (84, 'sampyo_jin_1l', '2026-05-01', 1, 0, '2025-11-05 10:55:55'),
  (84, 'mongo_jin_1l', '2027-06-14', 1, 0, '2025-11-05 10:56:56'),
  (84, 'mongo_guk_2l', '2026-06-05', 2, 0, '2025-11-05 10:57:57'),
  (84, 'sampyo_jin_2l', '2027-11-12', 2, 0, '2025-11-05 10:58:58'),
  (84, 'sampyo_guk_1l', '2027-08-22', 1, 0, '2025-11-05 10:59:59'),
  (84, 'sampyo_guk_2l', '2027-04-04', 2, 0, '2025-11-05 10:00:00'),
  (85, 'sampyo_jin_1l', '2027-11-02', 3, 0, '2025-11-08 10:01:01'),
  (85, 'mongo_guk_2l', '2026-09-09', 2, 0, '2025-11-08 10:02:02'),
  (85, 'sampyo_guk_2l', '2026-07-15', 2, 0, '2025-11-08 10:03:03'),
  (85, 'sampyo_jin_1l', '2028-02-20', 1, 0, '2025-11-08 10:04:04'),
  (85, 'sampyo_guk_2l', '2026-11-20', 2, 0, '2025-11-08 10:05:05'),
  (85, 'sampyo_jin_2l', '2026-04-03', 2, 0, '2025-11-08 10:06:06'),
  (85, 'mongo_guk_1l', '2026-04-13', NULL, 1, '2025-11-08 10:07:07'),
  (85, 'mongo_guk_2l', '2027-07-28', 2, 0, '2025-11-08 10:08:08'),
  (85, 'mongo_jin_2l', '2026-09-01', 2, 0, '2025-11-08 10:09:09'),
  (85, 'sampyo_guk_1l', '2026-05-07', 1, 0, '2025-11-08 10:10:10'),
  (86, 'mongo_jin_2l', '2028-04-01', 2, 0, '2025-11-11 10:11:11'),
  (86, 'mongo_guk_2l', '2027-06-04', 2, 0, '2025-11-11 10:12:12'),
  (86, 'sampyo_jin_1l', '2026-12-11', 1, 0, '2025-11-11 10:13:13'),
  (86, 'mongo_guk_2l', '2028-04-07', 2, 0, '2025-11-11 10:14:14'),
  (86, 'mongo_guk_2l', '2026-06-19', 2, 0, '2025-11-11 10:15:15'),
  (86, 'sampyo_jin_2l', '2026-08-01', 2, 0, '2025-11-11 10:16:16'),
  (86, 'mongo_jin_1l', '2026-05-24', 1, 0, '2025-11-11 10:17:17'),
  (86, 'sampyo_guk_1l', '2027-09-11', 1, 0, '2025-11-11 10:18:18'),
  (86, 'mongo_guk_1l', '2027-05-16', 1, 0, '2025-11-11 10:19:19'),
  (86, 'mongo_guk_1l', '2027-07-21', 3, 0, '2025-11-11 10:20:20'),
  (87, 'sampyo_guk_2l', '2027-02-13', 2, 0, '2025-11-14 10:21:21'),
  (87, 'mongo_guk_1l', '2027-10-19', 1, 0, '2025-11-14 10:22:22'),
  (87, 'sampyo_guk_1l', '2027-04-13', 1, 0, '2025-11-14 10:23:23'),
  (87, 'sampyo_guk_2l', '2027-10-30', 2, 0, '2025-11-14 10:24:24'),
  (87, 'sampyo_guk_2l', '2028-04-27', 2, 0, '2025-11-14 10:25:25'),
  (87, 'sampyo_jin_1l', '2027-07-20', 1, 0, '2025-11-14 10:26:26'),
  (87, 'mongo_jin_1l', '2027-08-19', 1, 0, '2025-11-14 10:27:27'),
  (87, 'mongo_jin_2l', '2026-10-18', 2, 0, '2025-11-14 10:28:28'),
  (87, 'sampyo_jin_1l', '2027-10-12', 1, 0, '2025-11-14 10:29:29'),
  (87, 'mongo_jin_1l', '2026-12-08', 1, 0, '2025-11-14 10:30:30'),
  (88, 'mongo_jin_1l', '2027-05-25', 3, 0, '2025-11-17 10:31:31'),
  (88, 'mongo_jin_1l', '2027-10-07', NULL, 1, '2025-11-17 10:32:32'),
  (88, 'mongo_guk_2l', '2028-03-11', 2, 0, '2025-11-17 10:33:33'),
  (88, 'sampyo_jin_1l', '2027-03-10', 1, 0, '2025-11-17 10:34:34'),
  (88, 'mongo_jin_2l', '2028-02-03', NULL, 1, '2025-11-17 10:35:35'),
  (88, 'sampyo_jin_2l', '2028-04-25', 2, 0, '2025-11-17 10:36:36'),
  (88, 'mongo_jin_1l', '2026-07-16', 1, 0, '2025-11-17 10:37:37'),
  (88, 'mongo_jin_2l', '2026-11-30', 2, 0, '2025-11-17 10:38:38'),
  (88, 'sampyo_jin_2l', '2026-06-01', 2, 0, '2025-11-17 10:39:39'),
  (88, 'sampyo_guk_1l', '2026-08-24', 1, 0, '2025-11-17 10:40:40'),
  (89, 'sampyo_jin_2l', '2026-07-05', 2, 0, '2025-11-20 10:41:41'),
  (89, 'sampyo_guk_1l', '2026-11-24', NULL, 1, '2025-11-20 10:42:42'),
  (89, 'mongo_guk_1l', '2027-09-15', 1, 0, '2025-11-20 10:43:43'),
  (89, 'sampyo_jin_2l', '2027-04-17', 2, 0, '2025-11-20 10:44:44'),
  (89, 'sampyo_guk_1l', '2026-06-26', 1, 0, '2025-11-20 10:45:45'),
  (89, 'mongo_jin_1l', '2027-08-31', 1, 0, '2025-11-20 10:46:46'),
  (89, 'mongo_guk_2l', '2027-05-09', 3, 0, '2025-11-20 10:47:47'),
  (89, 'sampyo_jin_2l', '2027-11-03', 3, 0, '2025-11-20 10:48:48'),
  (89, 'sampyo_guk_2l', '2028-02-08', 3, 0, '2025-11-20 10:49:49'),
  (89, 'sampyo_guk_1l', '2026-11-29', 1, 0, '2025-11-20 10:50:50'),
  (90, 'sampyo_jin_1l', '2027-02-17', 1, 0, '2025-11-23 10:51:51'),
  (90, 'sampyo_guk_1l', '2027-05-08', 1, 0, '2025-11-23 10:52:52'),
  (90, 'sampyo_jin_2l', '2028-04-23', 2, 0, '2025-11-23 10:53:53'),
  (90, 'sampyo_guk_1l', '2027-07-08', 1, 0, '2025-11-23 10:54:54'),
  (90, 'mongo_jin_2l', '2026-06-16', 2, 0, '2025-11-23 10:55:55'),
  (90, 'sampyo_jin_1l', '2026-08-18', 1, 0, '2025-11-23 10:56:56'),
  (90, 'sampyo_jin_2l', '2027-11-20', 2, 0, '2025-11-23 10:57:57'),
  (90, 'mongo_guk_2l', '2026-07-18', 3, 0, '2025-11-23 10:58:58'),
  (90, 'mongo_jin_2l', '2027-07-22', 2, 0, '2025-11-23 10:59:59'),
  (90, 'sampyo_jin_1l', '2026-08-02', 1, 0, '2025-11-23 10:00:00'),
  (91, 'sampyo_guk_2l', '2026-10-30', 2, 0, '2025-11-26 10:01:01'),
  (91, 'sampyo_guk_1l', '2027-07-19', 1, 0, '2025-11-26 10:02:02'),
  (91, 'sampyo_guk_1l', '2026-08-01', 1, 0, '2025-11-26 10:03:03'),
  (91, 'mongo_guk_1l', '2028-03-03', 3, 0, '2025-11-26 10:04:04'),
  (91, 'sampyo_jin_1l', '2028-03-22', 1, 0, '2025-11-26 10:05:05'),
  (91, 'sampyo_guk_1l', '2026-05-12', 1, 0, '2025-11-26 10:06:06'),
  (91, 'mongo_guk_1l', '2027-03-02', 1, 0, '2025-11-26 10:07:07'),
  (91, 'mongo_guk_1l', '2028-03-29', 3, 0, '2025-11-26 10:08:08'),
  (91, 'sampyo_jin_2l', '2027-03-31', 2, 0, '2025-11-26 10:09:09'),
  (91, 'sampyo_guk_1l', '2026-05-21', 1, 0, '2025-11-26 10:10:10'),
  (92, 'mongo_jin_2l', '2026-12-23', 2, 0, '2025-11-29 10:11:11'),
  (92, 'sampyo_guk_2l', '2026-09-26', 2, 0, '2025-11-29 10:12:12'),
  (92, 'mongo_jin_2l', '2027-05-20', NULL, 1, '2025-11-29 10:13:13'),
  (92, 'mongo_jin_2l', '2027-10-22', 2, 0, '2025-11-29 10:14:14'),
  (92, 'sampyo_guk_1l', '2026-12-12', 1, 0, '2025-11-29 10:15:15'),
  (92, 'mongo_jin_1l', '2026-07-14', 3, 0, '2025-11-29 10:16:16'),
  (92, 'mongo_guk_2l', '2026-08-22', 2, 0, '2025-11-29 10:17:17'),
  (92, 'mongo_guk_1l', '2026-06-03', 3, 0, '2025-11-29 10:18:18'),
  (92, 'sampyo_guk_1l', '2026-11-14', 1, 0, '2025-11-29 10:19:19'),
  (92, 'sampyo_jin_2l', '2027-05-16', 3, 0, '2025-11-29 10:20:20'),
  (93, 'mongo_guk_1l', '2028-01-06', 1, 0, '2025-12-02 10:21:21'),
  (93, 'sampyo_guk_2l', '2026-06-26', 2, 0, '2025-12-02 10:22:22'),
  (93, 'mongo_jin_1l', '2026-12-22', 1, 0, '2025-12-02 10:23:23'),
  (93, 'mongo_guk_2l', '2026-06-16', 2, 0, '2025-12-02 10:24:24'),
  (93, 'sampyo_guk_1l', '2026-06-06', NULL, 1, '2025-12-02 10:25:25'),
  (93, 'sampyo_guk_2l', '2028-01-22', 2, 0, '2025-12-02 10:26:26'),
  (93, 'sampyo_jin_1l', '2026-08-10', 1, 0, '2025-12-02 10:27:27'),
  (93, 'mongo_jin_1l', '2027-03-06', 3, 0, '2025-12-02 10:28:28'),
  (93, 'mongo_jin_2l', '2027-07-17', 3, 0, '2025-12-02 10:29:29'),
  (93, 'mongo_jin_1l', '2027-11-09', 3, 0, '2025-12-02 10:30:30'),
  (94, 'sampyo_guk_2l', '2028-04-11', 2, 0, '2025-12-05 10:31:31'),
  (94, 'sampyo_guk_1l', '2026-05-01', 1, 0, '2025-12-05 10:32:32'),
  (94, 'mongo_jin_1l', '2027-06-11', 1, 0, '2025-12-05 10:33:33'),
  (94, 'sampyo_guk_1l', '2026-11-06', 1, 0, '2025-12-05 10:34:34'),
  (94, 'sampyo_jin_2l', '2027-01-07', 2, 0, '2025-12-05 10:35:35'),
  (94, 'sampyo_guk_1l', '2026-08-31', 1, 0, '2025-12-05 10:36:36'),
  (94, 'sampyo_guk_2l', '2027-12-26', NULL, 1, '2025-12-05 10:37:37'),
  (94, 'mongo_guk_2l', '2028-01-23', 2, 0, '2025-12-05 10:38:38'),
  (94, 'sampyo_jin_2l', '2027-05-27', 2, 0, '2025-12-05 10:39:39'),
  (94, 'mongo_guk_2l', '2027-08-04', 2, 0, '2025-12-05 10:40:40'),
  (95, 'mongo_jin_1l', '2027-01-12', 3, 0, '2025-12-08 10:41:41'),
  (95, 'mongo_jin_2l', '2027-06-04', 2, 0, '2025-12-08 10:42:42'),
  (95, 'sampyo_jin_1l', '2027-09-21', 1, 0, '2025-12-08 10:43:43'),
  (95, 'sampyo_guk_2l', '2027-10-09', 2, 0, '2025-12-08 10:44:44'),
  (95, 'mongo_guk_2l', '2027-04-27', 2, 0, '2025-12-08 10:45:45'),
  (95, 'sampyo_jin_1l', '2027-04-03', 1, 0, '2025-12-08 10:46:46'),
  (95, 'mongo_guk_1l', '2027-08-10', 1, 0, '2025-12-08 10:47:47'),
  (95, 'sampyo_guk_1l', '2027-11-01', 1, 0, '2025-12-08 10:48:48'),
  (95, 'mongo_guk_2l', '2027-05-03', 2, 0, '2025-12-08 10:49:49'),
  (95, 'sampyo_jin_2l', '2026-04-27', 2, 0, '2025-12-08 10:50:50'),
  (96, 'sampyo_guk_2l', '2026-11-11', 2, 0, '2025-12-11 10:51:51'),
  (96, 'sampyo_guk_1l', '2027-01-13', NULL, 1, '2025-12-11 10:52:52'),
  (96, 'sampyo_jin_1l', '2027-07-28', 3, 0, '2025-12-11 10:53:53'),
  (96, 'sampyo_guk_2l', '2027-11-20', 2, 0, '2025-12-11 10:54:54'),
  (96, 'mongo_guk_2l', '2026-09-11', 2, 0, '2025-12-11 10:55:55'),
  (96, 'mongo_jin_2l', '2028-02-02', 3, 0, '2025-12-11 10:56:56'),
  (96, 'sampyo_jin_2l', '2027-09-29', 2, 0, '2025-12-11 10:57:57'),
  (96, 'mongo_guk_1l', '2028-04-24', 1, 0, '2025-12-11 10:58:58'),
  (96, 'sampyo_guk_2l', '2026-11-11', 3, 0, '2025-12-11 10:59:59'),
  (96, 'mongo_jin_2l', '2027-05-03', 2, 0, '2025-12-11 10:00:00'),
  (97, 'mongo_guk_2l', '2026-09-25', 2, 0, '2025-12-14 10:01:01'),
  (97, 'sampyo_jin_2l', '2027-11-28', 2, 0, '2025-12-14 10:02:02'),
  (97, 'sampyo_guk_1l', '2028-04-25', 1, 0, '2025-12-14 10:03:03'),
  (97, 'sampyo_jin_1l', '2027-11-27', 1, 0, '2025-12-14 10:04:04'),
  (97, 'mongo_guk_2l', '2028-03-18', NULL, 1, '2025-12-14 10:05:05'),
  (97, 'mongo_jin_1l', '2027-11-03', 1, 0, '2025-12-14 10:06:06'),
  (97, 'mongo_guk_1l', '2027-10-29', 1, 0, '2025-12-14 10:07:07'),
  (97, 'mongo_guk_1l', '2027-08-18', 1, 0, '2025-12-14 10:08:08'),
  (97, 'sampyo_guk_1l', '2026-09-27', 1, 0, '2025-12-14 10:09:09'),
  (97, 'sampyo_jin_2l', '2026-07-02', 2, 0, '2025-12-14 10:10:10'),
  (98, 'mongo_guk_2l', '2027-12-08', 3, 0, '2025-12-17 10:11:11'),
  (98, 'mongo_guk_2l', '2027-09-22', 2, 0, '2025-12-17 10:12:12'),
  (98, 'mongo_jin_2l', '2027-03-06', 2, 0, '2025-12-17 10:13:13'),
  (98, 'mongo_jin_1l', '2026-10-24', 1, 0, '2025-12-17 10:14:14'),
  (98, 'sampyo_jin_1l', '2027-03-15', 1, 0, '2025-12-17 10:15:15'),
  (98, 'sampyo_jin_2l', '2027-02-26', 2, 0, '2025-12-17 10:16:16'),
  (98, 'sampyo_guk_2l', '2026-08-30', 3, 0, '2025-12-17 10:17:17'),
  (98, 'sampyo_jin_1l', '2026-08-24', 1, 0, '2025-12-17 10:18:18'),
  (98, 'mongo_jin_1l', '2027-09-21', 1, 0, '2025-12-17 10:19:19'),
  (98, 'sampyo_jin_1l', '2026-06-14', 1, 0, '2025-12-17 10:20:20'),
  (99, 'mongo_guk_2l', '2028-02-08', 2, 0, '2025-12-20 10:21:21'),
  (99, 'sampyo_jin_2l', '2026-07-13', 2, 0, '2025-12-20 10:22:22'),
  (99, 'sampyo_jin_1l', '2027-02-25', 1, 0, '2025-12-20 10:23:23'),
  (99, 'sampyo_guk_1l', '2026-09-09', 3, 0, '2025-12-20 10:24:24'),
  (99, 'mongo_guk_1l', '2027-06-22', 1, 0, '2025-12-20 10:25:25'),
  (99, 'sampyo_guk_2l', '2027-08-12', 2, 0, '2025-12-20 10:26:26'),
  (99, 'mongo_jin_2l', '2026-09-26', 2, 0, '2025-12-20 10:27:27'),
  (99, 'sampyo_jin_2l', '2027-10-28', 2, 0, '2025-12-20 10:28:28'),
  (99, 'sampyo_jin_2l', '2027-12-20', 2, 0, '2025-12-20 10:29:29'),
  (99, 'mongo_jin_2l', '2026-11-15', 2, 0, '2025-12-20 10:30:30'),
  (100, 'sampyo_guk_2l', '2026-09-27', 2, 0, '2025-12-23 10:31:31'),
  (100, 'mongo_guk_2l', '2028-04-21', 2, 0, '2025-12-23 10:32:32'),
  (100, 'sampyo_guk_2l', '2026-08-09', 2, 0, '2025-12-23 10:33:33'),
  (100, 'sampyo_guk_2l', '2026-04-02', 2, 0, '2025-12-23 10:34:34'),
  (100, 'mongo_guk_1l', '2027-11-08', 1, 0, '2025-12-23 10:35:35'),
  (100, 'sampyo_jin_1l', '2027-11-03', 1, 0, '2025-12-23 10:36:36'),
  (100, 'sampyo_guk_1l', '2027-12-08', NULL, 1, '2025-12-23 10:37:37'),
  (100, 'mongo_jin_2l', '2027-12-18', 2, 0, '2025-12-23 10:38:38'),
  (100, 'mongo_guk_2l', '2027-11-01', 2, 0, '2025-12-23 10:39:39'),
  (100, 'sampyo_jin_2l', '2027-08-22', 3, 0, '2025-12-23 10:40:40'),
  (101, 'mongo_guk_2l', '2026-06-19', 3, 0, '2025-12-26 10:41:41'),
  (101, 'mongo_jin_2l', '2027-02-22', 2, 0, '2025-12-26 10:42:42'),
  (101, 'mongo_guk_1l', '2026-06-30', 1, 0, '2025-12-26 10:43:43'),
  (101, 'mongo_guk_1l', '2028-02-16', 1, 0, '2025-12-26 10:44:44'),
  (101, 'sampyo_guk_2l', '2027-03-10', 2, 0, '2025-12-26 10:45:45'),
  (101, 'mongo_jin_2l', '2026-12-28', 2, 0, '2025-12-26 10:46:46'),
  (101, 'mongo_jin_1l', '2028-03-10', 1, 0, '2025-12-26 10:47:47'),
  (101, 'mongo_jin_2l', '2026-12-19', 3, 0, '2025-12-26 10:48:48'),
  (101, 'mongo_guk_2l', '2028-04-07', 2, 0, '2025-12-26 10:49:49'),
  (101, 'mongo_jin_2l', '2027-05-01', NULL, 1, '2025-12-26 10:50:50'),
  (102, 'mongo_jin_2l', '2027-06-04', 2, 0, '2025-12-29 10:51:51'),
  (102, 'mongo_jin_2l', '2027-05-29', 2, 0, '2025-12-29 10:52:52'),
  (102, 'sampyo_guk_2l', '2027-04-23', 2, 0, '2025-12-29 10:53:53'),
  (102, 'mongo_jin_1l', '2027-04-20', 1, 0, '2025-12-29 10:54:54'),
  (102, 'mongo_guk_1l', '2027-08-04', 3, 0, '2025-12-29 10:55:55'),
  (102, 'sampyo_guk_1l', '2027-11-13', 1, 0, '2025-12-29 10:56:56'),
  (102, 'mongo_jin_1l', '2028-03-04', 1, 0, '2025-12-29 10:57:57'),
  (102, 'mongo_jin_1l', '2027-07-07', 1, 0, '2025-12-29 10:58:58'),
  (102, 'sampyo_guk_1l', '2026-05-05', 3, 0, '2025-12-29 10:59:59'),
  (102, 'mongo_jin_1l', '2027-02-21', 1, 0, '2025-12-29 10:00:00'),
  (103, 'mongo_guk_2l', '2026-07-17', 2, 0, '2026-01-01 10:01:01'),
  (103, 'mongo_guk_1l', '2026-09-22', 3, 0, '2026-01-01 10:02:02'),
  (103, 'mongo_jin_1l', '2026-09-12', 1, 0, '2026-01-01 10:03:03'),
  (103, 'mongo_guk_1l', '2027-10-13', 1, 0, '2026-01-01 10:04:04'),
  (103, 'sampyo_guk_2l', '2026-07-05', 2, 0, '2026-01-01 10:05:05'),
  (103, 'mongo_jin_2l', '2027-12-20', 2, 0, '2026-01-01 10:06:06'),
  (103, 'sampyo_guk_2l', '2028-03-22', 2, 0, '2026-01-01 10:07:07'),
  (103, 'mongo_guk_1l', '2028-01-30', NULL, 1, '2026-01-01 10:08:08'),
  (103, 'mongo_jin_1l', '2027-06-19', 1, 0, '2026-01-01 10:09:09'),
  (103, 'sampyo_guk_1l', '2026-07-13', 1, 0, '2026-01-01 10:10:10'),
  (104, 'mongo_guk_1l', '2026-10-12', 1, 0, '2026-01-04 10:11:11'),
  (104, 'mongo_jin_1l', '2027-10-20', 1, 0, '2026-01-04 10:12:12'),
  (104, 'sampyo_jin_1l', '2028-04-17', 1, 0, '2026-01-04 10:13:13'),
  (104, 'mongo_guk_2l', '2028-02-06', 2, 0, '2026-01-04 10:14:14'),
  (104, 'mongo_guk_2l', '2026-11-30', 2, 0, '2026-01-04 10:15:15'),
  (104, 'sampyo_jin_2l', '2027-05-08', 3, 0, '2026-01-04 10:16:16'),
  (104, 'sampyo_jin_2l', '2027-08-16', 2, 0, '2026-01-04 10:17:17'),
  (104, 'sampyo_guk_2l', '2027-04-05', 3, 0, '2026-01-04 10:18:18'),
  (104, 'mongo_guk_2l', '2026-06-29', NULL, 1, '2026-01-04 10:19:19'),
  (104, 'sampyo_jin_2l', '2028-02-07', 2, 0, '2026-01-04 10:20:20'),
  (105, 'mongo_jin_2l', '2027-08-05', 2, 0, '2026-01-07 10:21:21'),
  (105, 'mongo_guk_1l', '2026-04-27', 1, 0, '2026-01-07 10:22:22'),
  (105, 'sampyo_guk_1l', '2028-01-14', 1, 0, '2026-01-07 10:23:23'),
  (105, 'sampyo_jin_2l', '2026-06-23', 2, 0, '2026-01-07 10:24:24'),
  (105, 'mongo_guk_1l', '2026-07-28', 1, 0, '2026-01-07 10:25:25'),
  (105, 'mongo_guk_1l', '2027-05-13', 1, 0, '2026-01-07 10:26:26'),
  (105, 'sampyo_jin_2l', '2028-02-06', 2, 0, '2026-01-07 10:27:27'),
  (105, 'sampyo_jin_1l', '2028-01-18', 1, 0, '2026-01-07 10:28:28'),
  (105, 'sampyo_jin_1l', '2026-10-07', 1, 0, '2026-01-07 10:29:29'),
  (105, 'mongo_guk_2l', '2027-04-26', 2, 0, '2026-01-07 10:30:30'),
  (106, 'sampyo_jin_2l', '2027-07-01', 2, 0, '2026-01-10 10:31:31'),
  (106, 'sampyo_jin_2l', '2027-06-25', NULL, 1, '2026-01-10 10:32:32'),
  (106, 'mongo_guk_2l', '2026-11-18', 2, 0, '2026-01-10 10:33:33'),
  (106, 'mongo_guk_2l', '2027-10-30', 2, 0, '2026-01-10 10:34:34'),
  (106, 'sampyo_guk_2l', '2028-03-14', 3, 0, '2026-01-10 10:35:35'),
  (106, 'mongo_jin_1l', '2026-06-27', 1, 0, '2026-01-10 10:36:36'),
  (106, 'mongo_guk_2l', '2027-10-07', 2, 0, '2026-01-10 10:37:37'),
  (106, 'mongo_jin_1l', '2027-11-25', 1, 0, '2026-01-10 10:38:38'),
  (106, 'sampyo_guk_1l', '2026-06-02', 1, 0, '2026-01-10 10:39:39'),
  (106, 'sampyo_guk_2l', '2027-09-18', 2, 0, '2026-01-10 10:40:40'),
  (107, 'sampyo_jin_1l', '2027-10-01', 1, 0, '2026-01-13 10:41:41'),
  (107, 'sampyo_guk_1l', '2027-07-31', 1, 0, '2026-01-13 10:42:42'),
  (107, 'sampyo_jin_2l', '2026-11-28', 2, 0, '2026-01-13 10:43:43'),
  (107, 'sampyo_jin_1l', '2026-06-20', 1, 0, '2026-01-13 10:44:44'),
  (107, 'mongo_guk_2l', '2028-04-01', 2, 0, '2026-01-13 10:45:45'),
  (107, 'mongo_guk_2l', '2027-11-06', NULL, 1, '2026-01-13 10:46:46'),
  (107, 'mongo_jin_2l', '2027-11-07', 2, 0, '2026-01-13 10:47:47'),
  (107, 'sampyo_jin_1l', '2027-12-27', 1, 0, '2026-01-13 10:48:48'),
  (107, 'sampyo_jin_2l', '2027-07-04', 3, 0, '2026-01-13 10:49:49'),
  (107, 'mongo_jin_2l', '2026-09-19', 2, 0, '2026-01-13 10:50:50'),
  (108, 'sampyo_jin_1l', '2026-10-15', 1, 0, '2026-01-16 10:51:51'),
  (108, 'sampyo_guk_2l', '2027-06-08', 3, 0, '2026-01-16 10:52:52'),
  (108, 'sampyo_jin_2l', '2028-02-29', 3, 0, '2026-01-16 10:53:53'),
  (108, 'sampyo_jin_1l', '2028-01-03', 1, 0, '2026-01-16 10:54:54'),
  (108, 'sampyo_jin_1l', '2027-12-01', 3, 0, '2026-01-16 10:55:55'),
  (108, 'mongo_guk_2l', '2028-04-14', 2, 0, '2026-01-16 10:56:56'),
  (108, 'sampyo_guk_2l', '2026-06-08', 2, 0, '2026-01-16 10:57:57'),
  (108, 'sampyo_jin_1l', '2027-10-22', 3, 0, '2026-01-16 10:58:58'),
  (108, 'sampyo_guk_2l', '2027-02-28', 2, 0, '2026-01-16 10:59:59'),
  (108, 'sampyo_guk_1l', '2027-09-15', 1, 0, '2026-01-16 10:00:00'),
  (109, 'sampyo_guk_2l', '2026-04-13', 2, 0, '2026-01-19 10:01:01'),
  (109, 'mongo_jin_1l', '2027-12-30', 1, 0, '2026-01-19 10:02:02'),
  (109, 'sampyo_jin_2l', '2027-06-04', 2, 0, '2026-01-19 10:03:03'),
  (109, 'mongo_guk_2l', '2026-09-01', 3, 0, '2026-01-19 10:04:04'),
  (109, 'mongo_guk_2l', '2027-11-24', 3, 0, '2026-01-19 10:05:05'),
  (109, 'mongo_guk_2l', '2026-07-12', 2, 0, '2026-01-19 10:06:06'),
  (109, 'mongo_guk_2l', '2027-10-29', 2, 0, '2026-01-19 10:07:07'),
  (109, 'sampyo_jin_1l', '2027-01-18', 1, 0, '2026-01-19 10:08:08'),
  (109, 'mongo_guk_2l', '2027-03-19', 2, 0, '2026-01-19 10:09:09'),
  (109, 'sampyo_guk_2l', '2026-12-27', 2, 0, '2026-01-19 10:10:10'),
  (110, 'mongo_jin_1l', '2027-08-11', 1, 0, '2026-01-22 10:11:11'),
  (110, 'mongo_guk_1l', '2027-07-29', 1, 0, '2026-01-22 10:12:12'),
  (110, 'sampyo_guk_2l', '2027-01-08', NULL, 1, '2026-01-22 10:13:13'),
  (110, 'mongo_guk_2l', '2027-12-25', 2, 0, '2026-01-22 10:14:14'),
  (110, 'sampyo_jin_1l', '2028-03-11', 1, 0, '2026-01-22 10:15:15'),
  (110, 'sampyo_guk_2l', '2027-05-11', 2, 0, '2026-01-22 10:16:16'),
  (110, 'sampyo_jin_1l', '2027-03-06', 1, 0, '2026-01-22 10:17:17'),
  (110, 'mongo_guk_1l', '2026-05-21', 1, 0, '2026-01-22 10:18:18'),
  (110, 'sampyo_guk_1l', '2027-01-01', 1, 0, '2026-01-22 10:19:19'),
  (110, 'sampyo_guk_1l', '2026-04-21', 1, 0, '2026-01-22 10:20:20'),
  (111, 'sampyo_guk_2l', '2027-02-05', 2, 0, '2026-01-25 10:21:21'),
  (111, 'mongo_guk_2l', '2027-08-17', 2, 0, '2026-01-25 10:22:22'),
  (111, 'mongo_jin_2l', '2028-03-02', 2, 0, '2026-01-25 10:23:23'),
  (111, 'mongo_jin_1l', '2026-11-20', 3, 0, '2026-01-25 10:24:24'),
  (111, 'sampyo_jin_2l', '2027-06-28', 3, 0, '2026-01-25 10:25:25'),
  (111, 'mongo_jin_2l', '2027-02-23', 2, 0, '2026-01-25 10:26:26'),
  (111, 'mongo_guk_2l', '2027-06-01', 2, 0, '2026-01-25 10:27:27'),
  (111, 'sampyo_guk_2l', '2026-07-01', 2, 0, '2026-01-25 10:28:28'),
  (111, 'sampyo_guk_2l', '2026-11-03', 2, 0, '2026-01-25 10:29:29'),
  (111, 'mongo_guk_2l', '2027-05-22', 2, 0, '2026-01-25 10:30:30'),
  (112, 'sampyo_guk_1l', '2027-09-11', 1, 0, '2026-01-28 10:31:31'),
  (112, 'mongo_jin_2l', '2026-05-28', 2, 0, '2026-01-28 10:32:32'),
  (112, 'sampyo_jin_1l', '2026-09-10', 1, 0, '2026-01-28 10:33:33'),
  (112, 'mongo_guk_1l', '2028-03-27', 3, 0, '2026-01-28 10:34:34'),
  (112, 'sampyo_guk_1l', '2026-08-17', 1, 0, '2026-01-28 10:35:35'),
  (112, 'mongo_guk_1l', '2027-09-19', 1, 0, '2026-01-28 10:36:36'),
  (112, 'mongo_jin_1l', '2026-04-30', 1, 0, '2026-01-28 10:37:37'),
  (112, 'sampyo_guk_1l', '2026-10-23', 1, 0, '2026-01-28 10:38:38'),
  (112, 'sampyo_guk_1l', '2026-12-12', 1, 0, '2026-01-28 10:39:39'),
  (112, 'sampyo_guk_2l', '2026-05-22', NULL, 1, '2026-01-28 10:40:40'),
  (113, 'sampyo_guk_2l', '2028-03-22', 2, 0, '2026-01-31 10:41:41'),
  (113, 'mongo_guk_1l', '2027-04-13', 1, 0, '2026-01-31 10:42:42'),
  (113, 'mongo_jin_1l', '2027-08-31', 1, 0, '2026-01-31 10:43:43'),
  (113, 'mongo_jin_1l', '2026-08-05', 1, 0, '2026-01-31 10:44:44'),
  (113, 'sampyo_jin_1l', '2026-12-04', 1, 0, '2026-01-31 10:45:45'),
  (113, 'mongo_guk_2l', '2027-11-30', 2, 0, '2026-01-31 10:46:46'),
  (113, 'mongo_jin_1l', '2027-07-30', 1, 0, '2026-01-31 10:47:47'),
  (113, 'mongo_guk_1l', '2027-03-25', 1, 0, '2026-01-31 10:48:48'),
  (113, 'mongo_guk_2l', '2026-12-21', 2, 0, '2026-01-31 10:49:49'),
  (113, 'mongo_jin_2l', '2028-03-06', 2, 0, '2026-01-31 10:50:50'),
  (114, 'sampyo_jin_1l', '2026-04-29', 3, 0, '2026-02-03 10:51:51'),
  (114, 'sampyo_jin_1l', '2026-09-14', 1, 0, '2026-02-03 10:52:52'),
  (114, 'sampyo_jin_2l', '2026-11-06', 2, 0, '2026-02-03 10:53:53'),
  (114, 'sampyo_guk_2l', '2028-01-23', 2, 0, '2026-02-03 10:54:54'),
  (114, 'mongo_jin_1l', '2026-10-29', 1, 0, '2026-02-03 10:55:55'),
  (114, 'sampyo_guk_2l', '2027-05-25', 2, 0, '2026-02-03 10:56:56'),
  (114, 'sampyo_guk_1l', '2028-02-28', 1, 0, '2026-02-03 10:57:57'),
  (114, 'sampyo_guk_2l', '2026-08-14', NULL, 1, '2026-02-03 10:58:58'),
  (114, 'mongo_guk_2l', '2027-12-07', 2, 0, '2026-02-03 10:59:59'),
  (114, 'mongo_guk_1l', '2026-11-16', 1, 0, '2026-02-03 10:00:00'),
  (115, 'mongo_jin_1l', '2027-02-07', 1, 0, '2026-02-06 10:01:01'),
  (115, 'mongo_jin_1l', '2028-03-27', 1, 0, '2026-02-06 10:02:02'),
  (115, 'mongo_guk_1l', '2027-06-08', 1, 0, '2026-02-06 10:03:03'),
  (115, 'mongo_guk_2l', '2027-03-24', 2, 0, '2026-02-06 10:04:04'),
  (115, 'sampyo_guk_1l', '2026-11-10', 1, 0, '2026-02-06 10:05:05'),
  (115, 'sampyo_jin_2l', '2028-02-23', 2, 0, '2026-02-06 10:06:06'),
  (115, 'sampyo_jin_1l', '2027-12-30', 1, 0, '2026-02-06 10:07:07'),
  (115, 'sampyo_jin_2l', '2026-07-14', 2, 0, '2026-02-06 10:08:08'),
  (115, 'sampyo_jin_2l', '2028-02-08', NULL, 1, '2026-02-06 10:09:09'),
  (115, 'sampyo_jin_1l', '2027-04-19', 1, 0, '2026-02-06 10:10:10'),
  (116, 'sampyo_guk_1l', '2027-11-30', 1, 0, '2026-02-09 10:11:11'),
  (116, 'mongo_jin_2l', '2027-01-31', 2, 0, '2026-02-09 10:12:12'),
  (116, 'mongo_guk_2l', '2027-08-07', 2, 0, '2026-02-09 10:13:13'),
  (116, 'sampyo_guk_2l', '2027-01-09', 3, 0, '2026-02-09 10:14:14'),
  (116, 'sampyo_jin_1l', '2027-01-09', 1, 0, '2026-02-09 10:15:15'),
  (116, 'mongo_guk_2l', '2028-03-29', 2, 0, '2026-02-09 10:16:16'),
  (116, 'sampyo_guk_1l', '2028-01-28', 1, 0, '2026-02-09 10:17:17'),
  (116, 'sampyo_jin_2l', '2026-09-01', 2, 0, '2026-02-09 10:18:18'),
  (116, 'sampyo_guk_1l', '2026-12-03', 1, 0, '2026-02-09 10:19:19'),
  (116, 'mongo_guk_1l', '2027-12-06', 1, 0, '2026-02-09 10:20:20'),
  (117, 'mongo_jin_2l', '2027-02-22', 2, 0, '2026-02-12 10:21:21'),
  (117, 'sampyo_jin_1l', '2028-04-08', 1, 0, '2026-02-12 10:22:22'),
  (117, 'mongo_guk_1l', '2027-08-23', NULL, 1, '2026-02-12 10:23:23'),
  (117, 'mongo_guk_1l', '2026-12-22', 1, 0, '2026-02-12 10:24:24'),
  (117, 'mongo_jin_2l', '2027-05-20', 2, 0, '2026-02-12 10:25:25'),
  (117, 'sampyo_guk_1l', '2026-05-07', 1, 0, '2026-02-12 10:26:26'),
  (117, 'mongo_jin_2l', '2027-11-07', 2, 0, '2026-02-12 10:27:27'),
  (117, 'mongo_jin_1l', '2027-03-18', 1, 0, '2026-02-12 10:28:28'),
  (117, 'sampyo_guk_1l', '2026-11-14', 1, 0, '2026-02-12 10:29:29'),
  (117, 'sampyo_guk_1l', '2028-01-14', 1, 0, '2026-02-12 10:30:30'),
  (118, 'sampyo_guk_2l', '2028-02-17', 2, 0, '2026-02-15 10:31:31'),
  (118, 'mongo_guk_2l', '2027-02-02', 2, 0, '2026-02-15 10:32:32'),
  (118, 'mongo_guk_1l', '2028-02-03', 1, 0, '2026-02-15 10:33:33'),
  (118, 'sampyo_jin_2l', '2026-10-03', 2, 0, '2026-02-15 10:34:34'),
  (118, 'sampyo_jin_1l', '2027-07-27', 1, 0, '2026-02-15 10:35:35'),
  (118, 'mongo_jin_1l', '2026-12-21', 3, 0, '2026-02-15 10:36:36'),
  (118, 'mongo_jin_1l', '2027-10-25', 1, 0, '2026-02-15 10:37:37'),
  (118, 'sampyo_jin_1l', '2026-10-05', 1, 0, '2026-02-15 10:38:38'),
  (118, 'mongo_jin_2l', '2027-03-10', 2, 0, '2026-02-15 10:39:39'),
  (118, 'sampyo_guk_2l', '2026-11-14', 2, 0, '2026-02-15 10:40:40'),
  (119, 'mongo_guk_2l', '2027-02-09', 2, 0, '2026-02-18 10:41:41'),
  (119, 'sampyo_jin_1l', '2027-03-06', 1, 0, '2026-02-18 10:42:42'),
  (119, 'mongo_guk_1l', '2027-11-21', 1, 0, '2026-02-18 10:43:43'),
  (119, 'sampyo_jin_1l', '2026-07-30', 1, 0, '2026-02-18 10:44:44'),
  (119, 'mongo_guk_1l', '2028-01-10', 1, 0, '2026-02-18 10:45:45'),
  (119, 'sampyo_jin_2l', '2027-12-27', 2, 0, '2026-02-18 10:46:46'),
  (119, 'mongo_guk_2l', '2026-10-17', 3, 0, '2026-02-18 10:47:47'),
  (119, 'sampyo_guk_2l', '2028-02-27', 2, 0, '2026-02-18 10:48:48'),
  (119, 'sampyo_jin_1l', '2027-01-31', 1, 0, '2026-02-18 10:49:49'),
  (119, 'sampyo_jin_1l', '2026-09-02', 1, 0, '2026-02-18 10:50:50'),
  (120, 'sampyo_jin_1l', '2026-10-23', 3, 0, '2026-02-21 10:51:51'),
  (120, 'sampyo_guk_1l', '2027-11-05', 1, 0, '2026-02-21 10:52:52'),
  (120, 'mongo_guk_2l', '2027-07-13', 2, 0, '2026-02-21 10:53:53'),
  (120, 'sampyo_jin_1l', '2028-04-02', 3, 0, '2026-02-21 10:54:54'),
  (120, 'mongo_guk_1l', '2026-06-22', 1, 0, '2026-02-21 10:55:55'),
  (120, 'sampyo_guk_2l', '2028-01-07', 2, 0, '2026-02-21 10:56:56'),
  (120, 'mongo_jin_1l', '2027-02-15', 1, 0, '2026-02-21 10:57:57'),
  (120, 'sampyo_jin_2l', '2026-04-05', 2, 0, '2026-02-21 10:58:58'),
  (120, 'sampyo_guk_2l', '2026-11-01', 2, 0, '2026-02-21 10:59:59'),
  (120, 'mongo_guk_2l', '2026-09-20', 2, 0, '2026-02-21 10:00:00'),
  (121, 'sampyo_jin_1l', '2026-09-10', 1, 0, '2026-02-24 10:01:01'),
  (121, 'mongo_guk_2l', '2026-06-30', 2, 0, '2026-02-24 10:02:02'),
  (121, 'mongo_jin_2l', '2027-06-19', 3, 0, '2026-02-24 10:03:03'),
  (121, 'sampyo_jin_1l', '2027-05-19', 1, 0, '2026-02-24 10:04:04'),
  (121, 'sampyo_jin_1l', '2027-08-02', 1, 0, '2026-02-24 10:05:05'),
  (121, 'mongo_guk_2l', '2026-05-09', 2, 0, '2026-02-24 10:06:06'),
  (121, 'sampyo_jin_1l', '2028-04-18', 1, 0, '2026-02-24 10:07:07'),
  (121, 'sampyo_guk_1l', '2026-04-15', 1, 0, '2026-02-24 10:08:08'),
  (121, 'sampyo_guk_2l', '2027-09-26', 2, 0, '2026-02-24 10:09:09'),
  (121, 'mongo_jin_2l', '2028-02-22', 2, 0, '2026-02-24 10:10:10'),
  (122, 'sampyo_guk_2l', '2028-04-21', NULL, 1, '2026-02-27 10:11:11'),
  (122, 'mongo_jin_1l', '2028-03-11', 1, 0, '2026-02-27 10:12:12'),
  (122, 'mongo_guk_2l', '2027-02-14', 2, 0, '2026-02-27 10:13:13'),
  (122, 'mongo_guk_2l', '2027-04-28', 3, 0, '2026-02-27 10:14:14'),
  (122, 'mongo_jin_2l', '2027-02-08', 2, 0, '2026-02-27 10:15:15'),
  (122, 'sampyo_guk_2l', '2026-05-17', 2, 0, '2026-02-27 10:16:16'),
  (122, 'sampyo_guk_2l', '2027-01-23', 2, 0, '2026-02-27 10:17:17'),
  (122, 'mongo_jin_1l', '2027-09-15', 1, 0, '2026-02-27 10:18:18'),
  (122, 'mongo_jin_2l', '2027-03-12', 2, 0, '2026-02-27 10:19:19'),
  (122, 'mongo_guk_2l', '2028-03-04', 2, 0, '2026-02-27 10:20:20')
;

-- processes 수량 업데이트 (item_sorting_logs 집계 반영)
UPDATE processes p SET
  success_1l_qty = (SELECT COUNT(*) FROM item_sorting_logs l WHERE l.process_id = p.process_id AND l.inventory_id = 1),
  success_2l_qty = (SELECT COUNT(*) FROM item_sorting_logs l WHERE l.process_id = p.process_id AND l.inventory_id = 2),
  unclassified_qty = (SELECT COUNT(*) FROM item_sorting_logs l WHERE l.process_id = p.process_id AND l.inventory_id = 3);

-- inventory current_qty 업데이트 (item_sorting_logs 건수 반영)
UPDATE inventory i SET i.current_qty = (SELECT COUNT(*) FROM item_sorting_logs l WHERE l.inventory_id = i.inventory_id), i.updated_at = NOW() WHERE i.inventory_id IN (1, 2, 3);

-- 확인 쿼리
SELECT item_code, name, brand, category, capacity FROM products ORDER BY item_code;
SELECT inventory_id, inventory_name, current_qty, updated_at FROM inventory ORDER BY inventory_id;